{
  "num_scenarios": 60,
  "scenarios": {
    "32": [
      101,
      92,
      94,
      95
    ],
    "29": [
      96,
      22,
      15,
      116
    ],
    "1": [
      92,
      120,
      94,
      91
    ],
    "54": [
      93,
      98,
      113,
      40
    ],
    "2": [
      88,
      102,
      97,
      118
    ],
    "41": [
      90,
      34,
      97,
      18
    ],
    "51": [
      113,
      97,
      35,
      40
    ],
    "53": [
      87,
      17,
      22,
      21
    ],
    "27": [
      115,
      6,
      100,
      116
    ],
    "42": [
      101,
      115,
      40,
      18
    ],
    "33": [
      88,
      96,
      118,
      83
    ],
    "28": [
      92,
      102,
      97,
      85
    ],
    "50": [
      81,
      97,
      40
    ],
    "52": [
      88,
      8,
      40,
      21
    ],
    "26": [
      33,
      88,
      89,
      91
    ],
    "10": [
      87,
      17,
      84,
      97
    ],
    "24": [
      93,
      94,
      95,
      85
    ],
    "58": [
      92,
      16,
      95
    ],
    "25": [
      23,
      84,
      40
    ],
    "23": [
      115,
      94,
      6,
      22
    ],
    "49": [
      88,
      93,
      40,
      85
    ],
    "59": [
      88,
      98,
      100,
      95
    ],
    "5": [
      17,
      99,
      19,
      22
    ],
    "31": [
      34,
      20,
      22,
      85
    ],
    "43": [
      96,
      22,
      21,
      95
    ],
    "39": [
      33,
      96,
      35,
      116
    ],
    "34": [
      99,
      98,
      102,
      116
    ],
    "44": [
      86,
      83,
      95
    ],
    "55": [
      94,
      80,
      96,
      85
    ],
    "17": [
      114,
      89,
      84,
      96
    ],
    "37": [
      88,
      114,
      99,
      97
    ],
    "47": [
      87,
      91,
      22,
      118
    ],
    "9": [
      101,
      87,
      91,
      15
    ],
    "12": [
      101,
      106,
      82,
      97
    ],
    "20": [
      94,
      96,
      97,
      95
    ],
    "6": [
      99,
      100,
      116,
      85
    ],
    "14": [
      81,
      23,
      99,
      95
    ],
    "7": [
      87,
      94,
      20,
      84
    ],
    "57": [
      93,
      97,
      16
    ],
    "8": [
      94,
      86,
      83,
      116
    ],
    "19": [
      33,
      94,
      99,
      100
    ],
    "60": [
      89,
      113,
      96,
      118
    ],
    "4": [
      33,
      93,
      102,
      118
    ],
    "22": [
      33,
      120,
      6,
      96
    ],
    "11": [
      88,
      94,
      118
    ],
    "35": [
      87,
      34,
      94,
      9
    ],
    "13": [
      87,
      118,
      40
    ],
    "15": [
      33,
      92,
      88,
      118
    ],
    "16": [
      120,
      82,
      98,
      118
    ],
    "40": [
      99,
      102,
      95,
      18
    ],
    "21": [
      28,
      20,
      40,
      83
    ],
    "38": [
      120,
      94,
      21
    ],
    "46": [
      101,
      87,
      108,
      40
    ],
    "45": [
      87,
      116,
      95
    ],
    "56": [
      114,
      94,
      80,
      14
    ],
    "36": [
      92,
      89,
      99,
      95
    ],
    "48": [
      101,
      87,
      80
    ],
    "18": [
      101,
      99,
      91
    ],
    "30": [
      94,
      6,
      7,
      91
    ],
    "3": [
      101,
      33,
      100,
      85
    ]
  },
  "base_generation": {
    "32": 0.3544652510748252,
    "29": 0.7366004564335413,
    "81": 0.45833152100169106,
    "54": 0.33149899537489524,
    "78": 0.3750007246108833,
    "1": 0.0,
    "2": 0.0,
    "74": 3.99493109475117,
    "41": 1.5338782710318124,
    "65": 0.4684889880571951,
    "53": 0.32496483091930584,
    "51": 0.0,
    "27": 0.0,
    "75": 0.38333411400208983,
    "42": 1.5338782708477618,
    "33": 3.5120471060723504,
    "28": 0.0,
    "52": 0.0,
    "50": 0.5346598640477701,
    "63": 0.4684889880568857,
    "92": 0.0,
    "88": 0.4998760266199363,
    "93": 0.3666674144245606,
    "26": 0.7316765140529208,
    "10": 0.45651138388448126,
    "77": 0.3833341140020357,
    "87": 0.4998760322426061,
    "24": 0.0,
    "58": 0.0,
    "25": 0.0,
    "23": 0.46151885098651957,
    "49": 0.5346598640319495,
    "59": 0.0,
    "5": 0.0,
    "31": 0.3054147150264484,
    "89": 0.49987602904427697,
    "62": 0.0,
    "43": 3.4817145668555916,
    "90": 0.4998760286852495,
    "39": 3.4831481883099236,
    "34": 0.45824701867294027,
    "44": 2.8180402196396362e-8,
    "94": 0.35833401236053364,
    "55": 0.5464338008624134,
    "86": 0.4998760299304768,
    "17": 1.5239075759834244,
    "71": 3.436073640004462,
    "37": 0.4166028874737107,
    "47": 0.0,
    "9": 3.3285917913124905,
    "73": 0.0,
    "82": 0.0,
    "12": 0.45651138388379053,
    "79": 0.3833341140020384,
    "20": 3.4777503799751717,
    "6": 0.0,
    "84": 0.4499993017467129,
    "80": 0.3750007246108894,
    "70": 0.4445192678415968,
    "14": 0.0,
    "7": 0.7402125987323432,
    "96": 0.36666741442449313,
    "57": 3.465697625427044,
    "8": 0.7402125987335458,
    "64": 0.4684889880572266,
    "19": 1.528328998896345,
    "91": 0.49987602903771655,
    "69": 0.444519267841717,
    "60": 0.0,
    "4": 0.7405930926528068,
    "22": 0.4615188509474455,
    "11": 0.45651138388304224,
    "35": 0.4556822884094464,
    "13": 0.45651138388369716,
    "67": 3.4941316103055375,
    "61": 0.0,
    "15": 0.0,
    "16": 1.5266695709552769,
    "40": 3.519926288192082,
    "46": 2.8180403683088987e-8,
    "21": 0.4615188509667841,
    "38": 1.532200096499197,
    "72": 3.436631070200568,
    "83": 0.45833150318823335,
    "45": 2.81803999674863e-8,
    "68": 3.501357619326166,
    "56": 0.5464338008073681,
    "36": 0.41660288747371915,
    "95": 0.3666674144245533,
    "66": 1.4955785456591975,
    "76": 0.38333411400203254,
    "85": 0.4583315031888948,
    "48": 0.0,
    "18": 3.5151703074538423,
    "30": 0.7366004564433312,
    "3": 0.7405930923565429
  },
  "baseMVA": 100.0,
  "termination_status": "OPTIMAL",
  "total_base_shunt": 0.0,
  "load_shed": {
    "41": [
      1.25,
      0.0,
      0.0,
      0.0,
      0.0,
      0.0,
      0.0,
      0.0,
      0.0547,
      0.0,
      0.0,
      0.0,
      0.0,
      0.0,
      0.0527,
      0.0,
      0.0,
      0.0547,
      0.0,
      0.3652,
      0.0,
      0.0,
      0.0,
      0.3943,
      0.0,
      0.0551,
      0.0,
      0.1035,
      0.0,
      0.0544,
      0.0,
      0.0547,
      0.0,
      0.0,
      0.0,
      0.0548,
      0.0,
      0.0,
      0.0,
      0.0,
      0.15,
      0.0,
      0.5224,
      0.0,
      0.0,
      0.0,
      0.0549,
      0.0,
      0.0,
      0.0,
      0.0,
      0.0,
      0.0,
      0.0,
      0.0,
      0.0,
      0.0,
      0.0544,
      0.0,
      0.0
    ],
    "35": [
      0.0,
      0.0,
      0.0,
      0.0,
      0.0,
      0.0,
      0.0,
      0.0,
      0.0,
      0.0,
      0.0,
      0.0,
      0.0,
      0.0,
      0.0,
      0.0,
      0.0,
      0.0,
      0.0,
      0.1042,
      0.0,
      0.0,
      0.0,
      0.0,
      0.0,
      0.0,
      0.0,
      0.0,
      0.0,
      0.0,
      0.0,
      0.0,
      0.0,
      0.0,
      0.0,
      0.0,
      0.0,
      0.0,
      0.0,
      0.0,
      0.0,
      0.0,
      0.0,
      0.0,
      0.0,
      0.0,
      0.0,
      0.0,
      0.0,
      0.0,
      0.0,
      0.0,
      0.0,
      0.0,
      0.0,
      0.0,
      0.0,
      0.0,
      0.0,
      0.0
    ],
    "42": [
      0.61,
      0.0,
      0.0,
      0.0,
      0.0,
      0.0,
      0.0,
      0.0,
      0.0553,
      0.0,
      0.0,
      0.0,
      0.0,
      0.0,
      0.0573,
      0.0,
      0.0,
      0.0553,
      0.0,
      0.4544,
      0.0,
      0.0,
      0.0,
      0.4378,
      0.0,
      0.0549,
      0.0,
      0.1066,
      0.0,
      0.0556,
      0.0,
      0.0553,
      0.0,
      0.0,
      0.0,
      0.0552,
      0.0,
      0.0,
      0.0,
      0.0,
      0.0,
      0.0,
      0.749,
      0.0,
      0.0,
      0.0,
      0.0551,
      0.0,
      0.0,
      0.0,
      0.0,
      0.0,
      0.0,
      0.0,
      0.0,
      0.0,
      0.0,
      0.0556,
      0.0,
      0.0
    ],
    "43": [
      0.0,
      0.0,
      0.0,
      0.0,
      0.0,
      0.0,
      0.0,
      0.0,
      0.0,
      0.0,
      0.0,
      0.0,
      0.0,
      0.0,
      0.0,
      0.0,
      0.0,
      0.0,
      0.0,
      0.1121,
      0.0,
      0.0,
      0.0,
      0.0791,
      0.0,
      0.0,
      0.0,
      0.0473,
      0.0,
      0.0,
      0.0,
      0.0,
      0.0,
      0.0,
      0.0,
      0.0,
      0.0,
      0.0,
      0.0,
      0.0,
      0.0,
      0.0,
      0.0,
      0.0,
      0.0,
      0.0,
      0.0,
      0.0,
      0.0,
      0.0,
      0.0,
      0.0,
      0.0,
      0.0,
      0.0,
      0.0,
      0.0,
      0.0,
      0.0,
      0.0
    ],
    "39": [
      0.0,
      0.0,
      0.0,
      0.0,
      0.0,
      0.0,
      0.0,
      0.0,
      0.0,
      0.0,
      0.0,
      0.0,
      0.0,
      0.0,
      0.0,
      0.0,
      0.0,
      0.0,
      0.0,
      0.1874,
      0.0,
      0.0,
      0.0,
      0.0,
      0.0,
      0.0,
      0.0,
      0.0,
      0.0,
      0.0,
      0.0,
      0.0,
      0.0,
      0.0,
      0.0,
      0.0,
      0.0,
      0.0,
      0.0,
      0.0,
      0.0,
      0.0,
      0.0,
      0.0,
      0.0,
      0.0,
      0.0,
      0.0,
      0.0,
      0.0,
      0.0,
      0.0,
      0.0,
      0.0,
      0.0,
      0.0,
      0.0,
      0.0,
      0.0,
      0.0
    ],
    "40": [
      0.0,
      0.0,
      0.0,
      0.0,
      0.0,
      0.0,
      0.0,
      0.0,
      0.0,
      0.0,
      0.0,
      0.0,
      0.0,
      0.0,
      0.0,
      0.0,
      1.36,
      0.0,
      0.0,
      0.2108,
      0.0,
      0.0,
      0.0,
      0.0,
      0.0,
      0.0,
      0.0,
      0.0,
      0.0,
      0.0,
      0.0,
      0.0,
      0.0,
      0.0,
      0.0,
      0.0,
      0.0,
      0.0,
      0.0,
      0.0,
      0.0,
      0.0,
      0.0,
      0.0,
      0.0,
      0.0,
      0.0,
      0.0,
      0.0,
      0.0,
      0.0,
      0.0,
      0.0,
      0.0,
      0.0,
      0.0,
      0.0,
      0.0,
      0.0,
      0.0
    ],
    "46": [
      0.0,
      0.0,
      1.94,
      0.0,
      0.0,
      0.0,
      0.0,
      0.0,
      0.0,
      0.0,
      0.0,
      0.3464,
      0.0,
      0.0,
      0.0,
      0.0,
      0.0,
      0.0,
      0.0,
      0.16,
      0.0,
      0.0,
      0.0,
      0.0,
      0.0,
      0.0,
      0.0,
      0.0,
      0.0,
      0.0,
      0.0,
      0.0,
      0.0,
      1.94,
      0.0,
      0.0,
      0.0,
      0.0,
      0.0,
      0.0,
      0.0,
      0.0,
      0.0,
      0.0,
      0.0,
      0.0,
      0.0,
      0.0,
      0.0,
      0.0,
      0.0,
      0.0,
      0.0,
      0.0,
      0.0,
      0.0,
      0.0,
      0.0,
      0.0,
      0.0
    ],
    "38": [
      0.0,
      0.0,
      0.0,
      0.0,
      0.0,
      0.0,
      0.0,
      0.0,
      0.0,
      0.0,
      0.0,
      0.0,
      0.0,
      0.0,
      0.0,
      0.0,
      0.0,
      0.0,
      0.0,
      0.1063,
      0.0,
      0.0,
      0.0,
      0.0466,
      0.0,
      0.0,
      0.0,
      0.0,
      0.0,
      0.0,
      0.0,
      0.0,
      0.0,
      0.0,
      0.0,
      0.0,
      0.0,
      0.0,
      0.0,
      0.0,
      0.0,
      0.0,
      0.0,
      0.0,
      0.0,
      0.0,
      0.0,
      0.0,
      0.0,
      0.0,
      0.0,
      0.0,
      0.0,
      0.0,
      0.0,
      0.0,
      0.0,
      0.0,
      0.0,
      0.0
    ],
    "44": [
      0.0,
      0.0,
      0.0,
      0.0,
      0.0,
      0.0,
      0.0,
      0.0,
      0.0,
      0.0,
      0.0,
      0.0,
      0.0,
      0.0,
      0.0,
      0.0,
      0.0,
      0.0,
      0.0,
      0.2852,
      0.0,
      0.0,
      0.0,
      1.2598,
      0.0,
      0.0,
      0.0,
      0.0,
      0.0,
      0.0,
      0.0,
      0.0,
      0.0,
      0.0,
      0.0,
      0.0,
      0.0,
      0.0,
      0.0,
      0.0,
      0.0,
      0.0,
      0.0,
      0.0,
      0.0,
      0.0,
      0.0,
      0.0,
      0.0,
      0.0,
      0.0,
      0.0,
      0.0,
      0.0,
      0.0,
      0.0,
      0.0,
      0.0,
      0.0,
      0.0
    ],
    "45": [
      0.0,
      0.0,
      0.4905,
      0.0,
      0.0,
      0.0,
      0.0,
      0.0,
      0.0,
      0.0,
      0.0,
      0.0,
      0.0,
      0.0,
      0.0,
      0.0,
      0.0,
      0.0,
      0.0,
      0.0,
      0.0,
      0.0,
      0.0,
      0.0,
      0.0,
      0.0,
      0.0,
      0.0,
      0.0,
      0.0,
      0.0,
      0.0,
      0.0,
      0.0,
      0.0,
      0.0,
      0.0,
      0.0,
      0.0,
      0.0,
      0.0,
      0.0,
      0.0,
      0.0,
      0.0,
      0.0,
      0.0,
      0.0,
      0.0,
      0.0,
      0.0,
      0.0,
      0.0,
      0.0,
      0.0,
      0.0,
      0.0,
      0.0,
      0.0,
      0.0
    ],
    "36": [
      0.0,
      0.0,
      0.0,
      0.0,
      0.0,
      0.0,
      0.0,
      0.0,
      0.0,
      0.0,
      0.0,
      0.0,
      0.0,
      0.0,
      0.0,
      0.0,
      0.0,
      0.0,
      0.0,
      0.1072,
      0.0,
      0.0,
      0.0,
      0.0,
      0.0,
      0.0,
      0.0,
      0.0,
      0.0,
      0.0,
      0.0,
      0.0,
      0.0,
      0.0,
      0.0,
      0.0,
      0.0,
      0.0,
      0.0,
      0.0,
      0.0,
      0.0,
      0.0,
      0.0,
      0.0,
      0.0,
      0.0,
      0.0,
      0.0,
      0.0,
      0.0,
      0.0,
      0.0,
      0.0,
      0.0,
      0.0,
      0.0,
      0.0,
      0.0,
      0.0
    ],
    "37": [
      0.0,
      0.0,
      0.0,
      0.0,
      0.0,
      0.0,
      0.0,
      0.0,
      0.0,
      0.0,
      0.0,
      0.0,
      0.0,
      0.0,
      0.0,
      0.0,
      0.0,
      0.0,
      0.0,
      0.0672,
      0.0,
      0.0,
      0.0,
      0.0,
      0.0,
      0.0,
      0.0,
      0.0,
      0.0,
      0.0,
      0.0,
      0.0,
      0.0,
      0.0,
      0.0,
      0.0,
      0.0,
      0.0,
      0.0,
      0.0,
      0.0,
      0.0,
      0.0,
      0.0,
      0.0,
      0.0,
      0.0,
      0.0,
      0.0,
      0.0,
      0.0,
      0.0,
      0.0,
      0.0,
      0.0,
      0.0,
      0.0,
      0.0,
      0.0,
      0.0
    ],
    "3": [
      0.0,
      0.0,
      0.0,
      0.0,
      0.0,
      0.0,
      0.0,
      0.0,
      0.0,
      0.0,
      0.0,
      0.0,
      0.0,
      0.0,
      0.0,
      0.0,
      0.0,
      0.0,
      0.0,
      0.0,
      0.0,
      0.0,
      0.0,
      0.0,
      0.0,
      0.0,
      0.0,
      0.0,
      0.0,
      0.05,
      0.0,
      0.0,
      0.0,
      0.0,
      0.0,
      0.0,
      0.0,
      0.0,
      0.0,
      0.0,
      0.0,
      0.0,
      0.0,
      0.0,
      0.0,
      0.0,
      0.0,
      0.0,
      0.0,
      0.0,
      0.0,
      0.0,
      0.0,
      0.0,
      0.0,
      0.0,
      0.0,
      0.0,
      0.0,
      0.0
    ]
  },
  "total_ramping": {
    "up_ramping": {
      "32": 4.6052,
      "29": 4.7344,
      "1": 2.8248,
      "12": 7.6946,
      "48": 4.7152,
      "20": 2.6506,
      "54": 4.7152,
      "2": 4.9083,
      "6": 4.7152,
      "41": 4.5651,
      "51": 4.7152,
      "53": 6.1304,
      "27": 7.6138,
      "42": 4.7152,
      "33": 4.7152,
      "28": 7.0917,
      "50": 4.7152,
      "52": 4.7152,
      "14": 4.7152,
      "7": 4.7151,
      "57": 4.7152,
      "8": 4.7152,
      "26": 4.6052,
      "10": 4.7153,
      "19": 4.7152,
      "60": 4.7152,
      "24": 7.7491,
      "4": 4.7152,
      "58": 4.6052,
      "25": 4.7152,
      "23": 4.7152,
      "22": 4.7152,
      "11": 4.7152,
      "35": 4.7151,
      "13": 4.7152,
      "49": 4.7152,
      "59": 4.7152,
      "5": 5.0127,
      "15": 4.6052,
      "31": 4.7585,
      "43": 3.6867,
      "16": 4.7152,
      "39": 4.7153,
      "40": 4.7121,
      "21": 4.7152,
      "38": 4.7152,
      "46": 4.7152,
      "34": 2.7752,
      "44": 4.7152,
      "45": 4.7152,
      "56": 4.7152,
      "55": 4.7176,
      "36": 4.6053,
      "17": 3.337,
      "37": 4.7151,
      "47": 4.6051,
      "9": 4.6052,
      "18": 4.6052,
      "30": 4.5551,
      "3": 3.0979
    },
    "down_ramping": {
      "32": 0.0,
      "29": 0.0193,
      "1": 0.0,
      "12": 3.3259,
      "48": 0.0,
      "20": 0.0955,
      "54": 0.0,
      "2": 0.1931,
      "6": 0.0,
      "41": 0.0,
      "51": 0.0,
      "53": 1.4152,
      "27": 2.8988,
      "42": 0.0,
      "33": 0.0,
      "28": 2.6339,
      "50": 0.0,
      "52": 0.0,
      "14": 0.0,
      "7": 0.0,
      "57": 0.0,
      "8": 0.0,
      "26": 0.0,
      "10": 0.0,
      "19": 0.0,
      "60": 0.0,
      "24": 5.2089,
      "4": 0.0,
      "58": 0.0,
      "25": 0.0,
      "23": 0.0,
      "22": 0.0,
      "11": 0.0,
      "35": 0.0,
      "13": 0.0,
      "49": 0.0,
      "59": 0.0,
      "5": 0.2976,
      "15": 0.0,
      "31": 0.0433,
      "43": 0.2908,
      "16": 0.0,
      "39": 0.0,
      "40": 0.0,
      "21": 0.0,
      "38": 0.0,
      "46": 0.0,
      "34": 0.0,
      "44": 0.0,
      "45": 0.0,
      "56": 0.0,
      "55": 0.0,
      "36": 0.0,
      "17": 0.0,
      "37": 0.0,
      "47": 0.0,
      "9": 0.0,
      "18": 0.0,
      "30": 0.0,
      "3": 0.8133
    }
  },
  "generator_ramping": {
    "32": [
      0.0,
      0.0,
      0.0,
      0.1955,
      0.1955,
      0.1955,
      0.1955,
      0.0,
      0.181,
      0.1955,
      0.1955,
      0.1955,
      0.1955,
      0.1955,
      0.182,
      0.1955,
      0.0,
      0.182,
      0.1955,
      0.0,
      0.1955,
      0.1955,
      0.1955,
      0.1955,
      0.1955,
      0.1649,
      0.1955,
      0.1955,
      0.1414,
      0.1955,
      0.155,
      0.1818,
      0.1955,
      0.0,
      0.1955,
      0.1809,
      0.1955,
      0.1955,
      0.1955,
      0.1955,
      0.1955,
      0.1955,
      0.0,
      0.0,
      0.0945,
      0.1955,
      0.1776,
      0.0,
      0.1955,
      0.1955,
      0.1955,
      0.1955,
      0.1955,
      0.1955,
      0.0434,
      0.1955,
      0.1955,
      0.1955,
      0.0,
      0.1955
    ],
    "29": [
      0.0234,
      0.0234,
      0.0,
      0.0234,
      0.0234,
      0.0234,
      0.0234,
      0.0234,
      0.0234,
      0.0234,
      0.0234,
      0.0234,
      0.0234,
      0.0234,
      0.0234,
      0.0234,
      0.0234,
      0.0234,
      0.0234,
      0.0,
      0.0234,
      0.0234,
      0.0234,
      0.0234,
      0.0234,
      0.0234,
      0.0234,
      0.0234,
      0.0234,
      0.0234,
      0.0234,
      0.0234,
      0.0234,
      0.0234,
      0.0234,
      0.0234,
      0.0234,
      0.0234,
      0.0234,
      0.0234,
      0.0234,
      0.0234,
      0.0234,
      0.0234,
      0.0234,
      0.0234,
      0.0234,
      0.0234,
      0.0234,
      0.0234,
      0.0234,
      0.0234,
      0.0234,
      0.0234,
      0.0234,
      0.0234,
      0.0234,
      0.0234,
      0.0234,
      0.0234
    ],
    "81": [
      0.0,
      0.0,
      0.0,
      0.0,
      0.0,
      0.0,
      0.0,
      0.0,
      0.0,
      0.0,
      0.0,
      0.0,
      0.0,
      0.0,
      0.0,
      0.0,
      0.0,
      0.0,
      0.0,
      0.0047,
      0.0,
      0.0,
      0.0,
      0.0,
      0.0,
      0.0,
      0.0,
      0.0,
      0.0,
      0.0,
      0.0,
      0.0,
      0.0,
      0.0,
      0.0,
      0.0,
      0.0,
      0.0,
      0.0,
      0.0,
      0.0,
      0.0,
      0.0,
      0.0,
      0.0,
      0.0,
      0.0,
      0.0,
      0.0,
      0.0,
      0.0,
      0.0,
      0.0,
      0.0,
      0.0,
      0.0,
      0.0,
      0.0,
      0.0,
      0.0
    ],
    "54": [
      0.0,
      0.2185,
      0.2185,
      0.0368,
      0.2185,
      0.0378,
      0.0365,
      0.2185,
      0.0,
      0.065,
      0.0382,
      0.2185,
      0.0366,
      0.0382,
      0.0,
      0.0365,
      0.0,
      0.0,
      0.0385,
      0.2185,
      0.0384,
      0.0381,
      0.0998,
      0.2185,
      0.0366,
      0.0161,
      0.2185,
      0.2185,
      0.2185,
      0.0706,
      0.2185,
      0.0,
      0.0369,
      0.0,
      0.0366,
      0.0,
      0.0366,
      0.0391,
      0.0366,
      0.1455,
      0.0259,
      0.0812,
      0.2185,
      0.2185,
      0.1497,
      0.039,
      0.0,
      0.2185,
      0.0382,
      0.0385,
      0.0367,
      0.0384,
      0.2185,
      0.0377,
      0.2185,
      0.0377,
      0.0578,
      0.0139,
      0.2185,
      0.0398
    ],
    "78": [
      0.0,
      0.0,
      0.0,
      0.0,
      0.0,
      0.0,
      0.0,
      0.0,
      0.0,
      0.0,
      0.0,
      0.0,
      0.0,
      0.0,
      0.0,
      0.0,
      0.0,
      0.0,
      0.0,
      0.0048,
      0.0,
      0.0,
      0.0,
      0.0,
      0.0,
      0.0,
      0.0,
      0.0,
      0.0,
      0.0,
      0.0,
      0.0,
      0.0,
      0.0,
      0.0,
      0.0,
      0.0,
      0.0,
      0.0,
      0.0,
      0.0,
      0.0,
      0.0,
      0.0,
      0.0,
      0.0,
      0.0,
      0.0,
      0.0,
      0.0,
      0.0,
      0.0,
      0.0,
      0.0,
      0.0,
      0.0,
      0.0,
      0.0,
      0.0,
      0.0
    ],
    "1": [
      0.0,
      0.0,
      0.0,
      0.0,
      0.0,
      0.0,
      0.0,
      0.0,
      0.0,
      0.0,
      0.0,
      0.2,
      0.0,
      0.0,
      0.0,
      0.0,
      0.0,
      0.0,
      0.0,
      0.0,
      0.0,
      0.0,
      0.0,
      0.0,
      0.0,
      0.0,
      0.0,
      0.0,
      0.0,
      0.0,
      0.0,
      0.0,
      0.0,
      0.0,
      0.0,
      0.0,
      0.0,
      0.0,
      0.0,
      0.0,
      0.0,
      0.0,
      0.0,
      0.0,
      0.0,
      0.0,
      0.0,
      0.0,
      0.0,
      0.0,
      0.0,
      0.0,
      0.0,
      0.0,
      0.0,
      0.0,
      0.0,
      0.0,
      0.0,
      0.0
    ],
    "2": [
      0.0,
      0.0,
      0.0,
      0.0,
      0.0,
      0.0,
      0.0,
      0.0,
      0.0,
      0.0,
      0.0,
      0.2,
      0.0,
      0.0,
      0.0,
      0.0,
      0.0,
      0.0,
      0.0,
      0.0,
      0.0,
      0.0,
      0.0,
      0.0,
      0.0,
      0.0,
      0.0,
      0.0,
      0.0,
      0.0,
      0.0,
      0.0,
      0.0,
      0.0,
      0.0,
      0.0,
      0.0,
      0.0,
      0.0,
      0.0,
      0.0,
      0.0,
      0.0,
      0.0,
      0.0,
      0.0,
      0.0,
      0.0,
      0.0,
      0.0,
      0.0,
      0.0,
      0.0,
      0.0,
      0.0,
      0.0,
      0.0,
      0.0,
      0.0,
      0.0
    ],
    "74": [
      0.0051,
      0.0051,
      0.0051,
      0.0051,
      0.0051,
      0.0051,
      0.0051,
      0.0051,
      0.0051,
      0.0051,
      0.0051,
      0.0051,
      0.0051,
      0.0051,
      0.0051,
      0.0051,
      0.0051,
      0.0051,
      0.0051,
      0.0,
      0.0051,
      0.0051,
      0.0051,
      0.0051,
      0.0051,
      0.0051,
      0.0051,
      0.0051,
      0.0051,
      0.0051,
      0.0051,
      0.0051,
      0.0051,
      0.0051,
      0.0051,
      0.0051,
      0.0051,
      0.0051,
      0.0051,
      0.0051,
      0.0051,
      0.0051,
      0.0051,
      0.0051,
      0.0051,
      0.0051,
      0.0051,
      0.0051,
      0.0051,
      0.0051,
      0.0051,
      0.0051,
      0.0051,
      0.0051,
      0.0051,
      0.0051,
      0.0051,
      0.0051,
      0.0051,
      0.0051
    ],
    "41": [
      0.0161,
      0.0161,
      0.0,
      0.0161,
      0.0161,
      0.0161,
      0.0161,
      0.0161,
      0.0161,
      0.0161,
      0.0161,
      0.0161,
      0.0161,
      0.0161,
      0.0161,
      0.0161,
      0.0161,
      0.0161,
      0.0161,
      0.0,
      0.0161,
      0.0161,
      0.0161,
      0.0161,
      0.0161,
      0.0161,
      0.0161,
      0.0161,
      0.0161,
      0.0161,
      0.0161,
      0.0161,
      0.0161,
      0.0161,
      0.0161,
      0.0161,
      0.0161,
      0.0161,
      0.0161,
      0.0161,
      0.0161,
      0.0161,
      0.0161,
      0.0161,
      0.0161,
      0.0161,
      0.0161,
      0.0161,
      0.0161,
      0.0161,
      0.0161,
      0.0161,
      0.0161,
      0.0161,
      0.0162,
      0.0161,
      0.0161,
      0.0161,
      0.0161,
      0.0161
    ],
    "65": [
      0.0,
      0.0,
      0.0,
      0.0,
      0.0,
      0.0,
      0.0,
      0.0,
      0.0,
      0.0,
      0.0,
      0.4685,
      0.0,
      0.0,
      0.0,
      0.0,
      0.0,
      0.0,
      0.0,
      0.0,
      0.0,
      0.0,
      0.0,
      0.0,
      0.0,
      0.0,
      0.0,
      0.0,
      0.0,
      0.0,
      0.0,
      0.0,
      0.0,
      0.0,
      0.0,
      0.0,
      0.0,
      0.0,
      0.0,
      0.0,
      0.0,
      0.0,
      0.0,
      0.0,
      0.0,
      0.0,
      0.0,
      0.0,
      0.0,
      0.0,
      0.0,
      0.0,
      0.0,
      0.0,
      0.0,
      0.0,
      0.0,
      0.0,
      0.0,
      0.0
    ],
    "53": [
      0.0,
      0.225,
      0.225,
      0.0368,
      0.225,
      0.0357,
      0.0371,
      0.225,
      0.0,
      0.0613,
      0.0353,
      0.225,
      0.0369,
      0.0353,
      0.0,
      0.037,
      0.0,
      0.0,
      0.0351,
      0.225,
      0.0351,
      0.0354,
      0.0978,
      0.225,
      0.0369,
      0.0162,
      0.225,
      0.225,
      0.225,
      0.0643,
      0.225,
      0.0,
      0.0367,
      0.0,
      0.0369,
      0.0,
      0.0369,
      0.0344,
      0.0369,
      0.1464,
      0.0256,
      0.0781,
      0.225,
      0.225,
      0.1546,
      0.0346,
      0.0,
      0.225,
      0.0353,
      0.0351,
      0.0368,
      0.0351,
      0.225,
      0.0358,
      0.225,
      0.0358,
      0.0541,
      0.0128,
      0.225,
      0.0337
    ],
    "51": [
      0.0,
      0.2,
      0.2,
      0.0,
      0.0,
      0.0,
      0.0,
      0.0,
      0.0,
      0.0,
      0.0,
      0.2,
      0.0,
      0.0,
      0.0,
      0.0,
      0.0,
      0.0,
      0.0,
      0.2,
      0.0,
      0.0,
      0.0,
      0.2,
      0.0,
      0.0,
      0.2,
      0.2,
      0.0,
      0.0,
      0.0,
      0.0,
      0.0,
      0.0,
      0.0,
      0.0,
      0.0,
      0.0,
      0.0,
      0.0,
      0.0,
      0.0,
      0.2,
      0.2,
      0.0,
      0.0,
      0.0,
      0.11,
      0.0,
      0.0,
      0.0,
      0.0,
      0.0,
      0.0,
      0.0,
      0.0,
      0.0,
      0.0,
      0.2,
      0.0
    ],
    "75": [
      0.0,
      0.0,
      0.0,
      0.0,
      0.0,
      0.0,
      0.0,
      0.0,
      0.0,
      0.0,
      0.0,
      0.0,
      0.0,
      0.0,
      0.0,
      0.0,
      0.0,
      0.0,
      0.0,
      0.0048,
      0.0,
      0.0,
      0.0,
      0.0,
      0.0,
      0.0,
      0.0,
      0.0,
      0.0,
      0.0,
      0.0,
      0.0,
      0.0,
      0.0,
      0.0,
      0.0,
      0.0,
      0.0,
      0.0,
      0.0,
      0.0,
      0.0,
      0.0,
      0.0,
      0.0,
      0.0,
      0.0,
      0.0,
      0.0,
      0.0,
      0.0,
      0.0,
      0.0,
      0.0,
      0.0,
      0.0,
      0.0,
      0.0,
      0.0,
      0.0
    ],
    "42": [
      0.0161,
      0.0161,
      0.0,
      0.0161,
      0.0161,
      0.0161,
      0.0161,
      0.0161,
      0.0161,
      0.0161,
      0.0161,
      0.0161,
      0.0161,
      0.0161,
      0.0161,
      0.0161,
      0.0161,
      0.0161,
      0.0161,
      0.0,
      0.0161,
      0.0161,
      0.0161,
      0.0161,
      0.0161,
      0.0161,
      0.0161,
      0.0161,
      0.0161,
      0.0161,
      0.0161,
      0.0161,
      0.0161,
      0.0161,
      0.0161,
      0.0161,
      0.0161,
      0.0161,
      0.0161,
      0.0161,
      0.0161,
      0.0161,
      0.0161,
      0.0161,
      0.0161,
      0.0161,
      0.0161,
      0.0161,
      0.0161,
      0.0161,
      0.0161,
      0.0161,
      0.0161,
      0.0161,
      0.0162,
      0.0161,
      0.0161,
      0.0161,
      0.0161,
      0.0161
    ],
    "33": [
      0.038,
      0.038,
      0.0,
      0.038,
      0.038,
      0.038,
      0.038,
      0.038,
      0.038,
      0.038,
      0.038,
      0.038,
      0.038,
      0.038,
      0.038,
      0.038,
      0.038,
      0.038,
      0.038,
      0.0,
      0.038,
      0.038,
      0.038,
      0.0379,
      0.038,
      0.038,
      0.038,
      0.038,
      0.038,
      0.038,
      0.038,
      0.038,
      0.038,
      0.038,
      0.038,
      0.038,
      0.038,
      0.038,
      0.038,
      0.038,
      0.038,
      0.038,
      0.0,
      0.038,
      0.038,
      0.038,
      0.038,
      0.038,
      0.038,
      0.038,
      0.038,
      0.038,
      0.038,
      0.038,
      0.038,
      0.038,
      0.038,
      0.038,
      0.038,
      0.038
    ],
    "52": [
      0.0,
      0.2,
      0.2,
      0.0,
      0.0,
      0.0,
      0.0,
      0.0,
      0.0,
      0.0,
      0.0,
      0.2,
      0.0,
      0.0,
      0.0,
      0.0,
      0.0,
      0.0,
      0.0,
      0.2,
      0.0,
      0.0,
      0.0,
      0.2,
      0.0,
      0.0,
      0.2,
      0.2,
      0.0,
      0.0,
      0.0,
      0.0,
      0.0,
      0.0,
      0.0,
      0.0,
      0.0,
      0.0,
      0.0,
      0.0,
      0.0,
      0.0,
      0.2,
      0.2,
      0.0,
      0.0,
      0.0,
      0.11,
      0.0,
      0.0,
      0.0,
      0.0,
      0.0,
      0.0,
      0.0,
      0.0,
      0.0,
      0.0,
      0.2,
      0.0
    ],
    "50": [
      0.0,
      0.0153,
      0.0153,
      0.0153,
      0.0153,
      0.0153,
      0.0153,
      0.0153,
      0.0153,
      0.0153,
      0.0153,
      0.0153,
      0.0153,
      0.0153,
      0.0153,
      0.0153,
      0.0,
      0.0153,
      0.0153,
      0.0153,
      0.0153,
      0.0153,
      0.0153,
      0.0153,
      0.0153,
      0.0153,
      0.0153,
      0.0153,
      0.0153,
      0.0153,
      0.0153,
      0.0153,
      0.0153,
      0.0,
      0.0153,
      0.0153,
      0.0153,
      0.0153,
      0.0153,
      0.0153,
      0.0153,
      0.0153,
      0.0153,
      0.0153,
      0.0153,
      0.0153,
      0.0153,
      0.0153,
      0.0153,
      0.0153,
      0.0153,
      0.0153,
      0.0153,
      0.0153,
      0.0154,
      0.0153,
      0.0153,
      0.0153,
      0.0153,
      0.0153
    ],
    "63": [
      0.0,
      0.0,
      0.0,
      0.0,
      0.0,
      0.0,
      0.0,
      0.0,
      0.0,
      0.0,
      0.0,
      0.4685,
      0.0,
      0.0,
      0.0,
      0.0,
      0.0,
      0.0,
      0.0,
      0.0,
      0.0,
      0.0,
      0.0,
      0.0,
      0.0,
      0.0,
      0.0,
      0.0,
      0.0,
      0.0,
      0.0,
      0.0,
      0.0,
      0.0,
      0.0,
      0.0,
      0.0,
      0.0,
      0.0,
      0.0,
      0.0,
      0.0,
      0.0,
      0.0,
      0.0,
      0.0,
      0.0,
      0.0,
      0.0,
      0.0,
      0.0,
      0.0,
      0.0,
      0.0,
      0.0,
      0.0,
      0.0,
      0.0,
      0.0,
      0.0
    ],
    "88": [
      0.0,
      0.0,
      0.0,
      0.0,
      0.0,
      0.0,
      0.0,
      0.0,
      0.0,
      0.0,
      0.0,
      0.0,
      0.0,
      0.0,
      0.0,
      0.0,
      0.0,
      0.0,
      0.0,
      0.0048,
      0.0,
      0.0,
      0.0,
      0.0,
      0.0,
      0.0,
      0.0,
      0.0,
      0.0,
      0.0,
      0.0,
      0.0,
      0.0,
      0.0,
      0.0,
      0.0,
      0.0,
      0.0,
      0.0,
      0.0,
      0.0,
      0.0,
      0.0,
      0.0,
      0.0,
      0.0,
      0.0,
      0.0,
      0.0,
      0.0,
      0.0,
      0.0,
      0.0,
      0.0,
      0.0,
      0.0,
      0.0,
      0.0,
      0.0,
      0.0
    ],
    "93": [
      0.0,
      0.0,
      0.0,
      0.0,
      0.0,
      0.0,
      0.0,
      0.0,
      0.0,
      0.0,
      0.0,
      0.1065,
      0.0,
      0.0,
      0.0,
      0.0,
      0.0,
      0.0,
      0.0,
      0.0047,
      0.0,
      0.0,
      0.0,
      0.0,
      0.0,
      0.0,
      0.0,
      0.0,
      0.0,
      0.0,
      0.0,
      0.0,
      0.0,
      0.0,
      0.0,
      0.0,
      0.0,
      0.0,
      0.0,
      0.0,
      0.0,
      0.0,
      0.0,
      0.0,
      0.0,
      0.0,
      0.0,
      0.0,
      0.0,
      0.0,
      0.0,
      0.0,
      0.0,
      0.0,
      0.0,
      0.0,
      0.0,
      0.0,
      0.0,
      0.0
    ],
    "26": [
      0.0283,
      0.0283,
      0.0,
      0.0283,
      0.0283,
      0.0283,
      0.0283,
      0.0283,
      0.0283,
      0.0283,
      0.0283,
      0.0283,
      0.0283,
      0.0283,
      0.0283,
      0.0283,
      0.0283,
      0.0283,
      0.0283,
      0.0,
      0.0283,
      0.0283,
      0.0283,
      0.0283,
      0.0283,
      0.0283,
      0.0283,
      0.0283,
      0.0283,
      0.0283,
      0.0283,
      0.0283,
      0.0283,
      0.0283,
      0.0283,
      0.0283,
      0.0283,
      0.0283,
      0.0283,
      0.0283,
      0.0283,
      0.0283,
      0.0,
      0.0283,
      0.0283,
      0.0283,
      0.0283,
      0.0283,
      0.0283,
      0.0283,
      0.0283,
      0.0283,
      0.0283,
      0.0283,
      0.0283,
      0.0283,
      0.0283,
      0.0283,
      0.0283,
      0.0283
    ],
    "10": [
      0.0,
      0.0935,
      0.0,
      0.0935,
      0.0935,
      0.0935,
      0.0935,
      0.0935,
      0.0935,
      0.0935,
      0.0935,
      0.0935,
      0.0935,
      0.0935,
      0.0935,
      0.0935,
      0.0,
      0.0935,
      0.0935,
      0.0,
      0.0935,
      0.0935,
      0.0935,
      0.0935,
      0.0935,
      0.0935,
      0.0935,
      0.0935,
      0.0935,
      0.0935,
      0.0935,
      0.0935,
      0.0935,
      0.0,
      0.0935,
      0.0935,
      0.0935,
      0.0935,
      0.0935,
      0.0935,
      0.0935,
      0.0935,
      0.0,
      0.0288,
      0.0935,
      0.0935,
      0.0935,
      0.0935,
      0.0935,
      0.0935,
      0.0935,
      0.0935,
      0.0935,
      0.0935,
      0.0935,
      0.0935,
      0.0935,
      0.0935,
      0.0626,
      0.0935
    ],
    "77": [
      0.0,
      0.0,
      0.0,
      0.0,
      0.0,
      0.0,
      0.0,
      0.0,
      0.0,
      0.0,
      0.0,
      0.0,
      0.0,
      0.0,
      0.0,
      0.0,
      0.0,
      0.0,
      0.0,
      0.0048,
      0.0,
      0.0,
      0.0,
      0.0,
      0.0,
      0.0,
      0.0,
      0.0,
      0.0,
      0.0,
      0.0,
      0.0,
      0.0,
      0.0,
      0.0,
      0.0,
      0.0,
      0.0,
      0.0,
      0.0,
      0.0,
      0.0,
      0.0,
      0.0,
      0.0,
      0.0,
      0.0,
      0.0,
      0.0,
      0.0,
      0.0,
      0.0,
      0.0,
      0.0,
      0.0,
      0.0,
      0.0,
      0.0,
      0.0,
      0.0
    ],
    "87": [
      0.0,
      0.0,
      0.0,
      0.0,
      0.0,
      0.0,
      0.0,
      0.0,
      0.0,
      0.0,
      0.0,
      0.0,
      0.0,
      0.0,
      0.0,
      0.0,
      0.0,
      0.0,
      0.0,
      0.0048,
      0.0,
      0.0,
      0.0,
      0.0,
      0.0,
      0.0,
      0.0,
      0.0,
      0.0,
      0.0,
      0.0,
      0.0,
      0.0,
      0.0,
      0.0,
      0.0,
      0.0,
      0.0,
      0.0,
      0.0,
      0.0,
      0.0,
      0.0,
      0.0,
      0.0,
      0.0,
      0.0,
      0.0,
      0.0,
      0.0,
      0.0,
      0.0,
      0.0,
      0.0,
      0.0,
      0.0,
      0.0,
      0.0,
      0.0,
      0.0
    ],
    "58": [
      0.0,
      0.0,
      0.0,
      0.0,
      0.0,
      0.0,
      0.0,
      0.0,
      0.0,
      0.0,
      0.0,
      0.0,
      0.0,
      0.0,
      0.0,
      0.0,
      0.0,
      0.0,
      0.0,
      0.0,
      0.0,
      0.0,
      0.0,
      0.1199,
      0.0,
      0.0,
      0.0612,
      0.0,
      0.0,
      0.0,
      0.0,
      0.0,
      0.0,
      0.0,
      0.0,
      0.0,
      0.0,
      0.0,
      0.0,
      0.0,
      0.0,
      0.0,
      0.0,
      0.0,
      0.0,
      0.0,
      0.0,
      0.0,
      0.0,
      0.0,
      0.0,
      0.0,
      0.0,
      0.0,
      0.0,
      0.0,
      0.0,
      0.0,
      0.0,
      0.0
    ],
    "23": [
      0.0,
      0.0885,
      0.0,
      0.0885,
      0.0885,
      0.0885,
      0.0885,
      0.0885,
      0.0885,
      0.0885,
      0.0885,
      0.0885,
      0.0885,
      0.0885,
      0.0885,
      0.0885,
      0.0885,
      0.0885,
      0.0885,
      0.0,
      0.0885,
      0.0885,
      0.0885,
      0.0885,
      0.0885,
      0.0885,
      0.0885,
      0.0885,
      0.0885,
      0.0885,
      0.0885,
      0.0885,
      0.0885,
      0.0,
      0.0885,
      0.0885,
      0.0885,
      0.0885,
      0.0885,
      0.0885,
      0.0885,
      0.0885,
      0.0,
      0.0885,
      0.0885,
      0.0885,
      0.0885,
      0.0885,
      0.0885,
      0.0885,
      0.0885,
      0.0885,
      0.0885,
      0.0885,
      0.0885,
      0.0885,
      0.0885,
      0.0885,
      0.0885,
      0.0885
    ],
    "49": [
      0.0,
      0.0153,
      0.0153,
      0.0153,
      0.0153,
      0.0153,
      0.0153,
      0.0153,
      0.0153,
      0.0153,
      0.0153,
      0.0153,
      0.0153,
      0.0153,
      0.0153,
      0.0153,
      0.0,
      0.0153,
      0.0153,
      0.0153,
      0.0153,
      0.0153,
      0.0153,
      0.0153,
      0.0153,
      0.0153,
      0.0153,
      0.0153,
      0.0153,
      0.0153,
      0.0153,
      0.0153,
      0.0153,
      0.0,
      0.0153,
      0.0153,
      0.0153,
      0.0153,
      0.0153,
      0.0153,
      0.0153,
      0.0153,
      0.0153,
      0.0153,
      0.0153,
      0.0153,
      0.0153,
      0.0153,
      0.0153,
      0.0153,
      0.0153,
      0.0153,
      0.0153,
      0.0153,
      0.0154,
      0.0153,
      0.0153,
      0.0153,
      0.0153,
      0.0153
    ],
    "59": [
      0.0,
      0.0,
      0.0,
      0.0,
      0.0,
      0.0,
      0.0,
      0.0,
      0.0,
      0.0,
      0.0,
      0.0,
      0.0,
      0.0,
      0.0,
      0.0,
      0.0,
      0.0,
      0.0,
      0.0,
      0.0,
      0.0,
      0.0,
      0.1199,
      0.0,
      0.0,
      0.0612,
      0.0,
      0.0,
      0.0,
      0.0,
      0.0,
      0.0,
      0.0,
      0.0,
      0.0,
      0.0,
      0.0,
      0.0,
      0.0,
      0.0,
      0.0,
      0.0,
      0.0,
      0.0,
      0.0,
      0.0,
      0.0,
      0.0,
      0.0,
      0.0,
      0.0,
      0.0,
      0.0,
      0.0,
      0.0,
      0.0,
      0.0,
      0.0,
      0.0
    ],
    "5": [
      0.0,
      0.0,
      0.0,
      0.0,
      0.0,
      0.0,
      0.0,
      0.0,
      0.0,
      0.0,
      0.0,
      0.2,
      0.0,
      0.0,
      0.0,
      0.0,
      0.0,
      0.0,
      0.0,
      0.0,
      0.0,
      0.0,
      0.0,
      0.0,
      0.0,
      0.0,
      0.0,
      0.0,
      0.0,
      0.0,
      0.0,
      0.0,
      0.0,
      0.0,
      0.0,
      0.0,
      0.0,
      0.0,
      0.0,
      0.0,
      0.0,
      0.0,
      0.0,
      0.0,
      0.0,
      0.0,
      0.0,
      0.0,
      0.0,
      0.0,
      0.0,
      0.0,
      0.0,
      0.0,
      0.0,
      0.0,
      0.0,
      0.0,
      0.0,
      0.0
    ],
    "31": [
      0.0,
      0.0,
      0.0,
      0.2446,
      0.2446,
      0.2446,
      0.2446,
      0.0,
      0.2227,
      0.2446,
      0.2446,
      0.2446,
      0.2446,
      0.2446,
      0.2216,
      0.2446,
      0.0,
      0.2216,
      0.2446,
      0.0,
      0.2446,
      0.2446,
      0.2446,
      0.2446,
      0.2446,
      0.2064,
      0.2446,
      0.2446,
      0.1695,
      0.2446,
      0.1798,
      0.2218,
      0.2446,
      0.0,
      0.2446,
      0.2228,
      0.2446,
      0.2446,
      0.2446,
      0.2446,
      0.2446,
      0.2446,
      0.0,
      0.0,
      0.1149,
      0.2446,
      0.226,
      0.0,
      0.2446,
      0.2446,
      0.2446,
      0.2446,
      0.2446,
      0.2446,
      0.0323,
      0.2446,
      0.2446,
      0.2446,
      0.0,
      0.2446
    ],
    "89": [
      0.0,
      0.0,
      0.0,
      0.0,
      0.0,
      0.0,
      0.0,
      0.0,
      0.0,
      0.0,
      0.0,
      0.0,
      0.0,
      0.0,
      0.0,
      0.0,
      0.0,
      0.0,
      0.0,
      0.0048,
      0.0,
      0.0,
      0.0,
      0.0,
      0.0,
      0.0,
      0.0,
      0.0,
      0.0,
      0.0,
      0.0,
      0.0,
      0.0,
      0.0,
      0.0,
      0.0,
      0.0,
      0.0,
      0.0,
      0.0,
      0.0,
      0.0,
      0.0,
      0.0,
      0.0,
      0.0,
      0.0,
      0.0,
      0.0,
      0.0,
      0.0,
      0.0,
      0.0,
      0.0,
      0.0,
      0.0,
      0.0,
      0.0,
      0.0,
      0.0
    ],
    "62": [
      0.0,
      0.0,
      0.0,
      0.0,
      0.0,
      0.0,
      0.0,
      0.0,
      0.0,
      0.0,
      0.0,
      0.0,
      0.0,
      0.0,
      0.0,
      0.0,
      0.0,
      0.0,
      0.0,
      0.0,
      0.0,
      0.0,
      0.0,
      0.1199,
      0.0,
      0.0,
      0.0612,
      0.0,
      0.0,
      0.0,
      0.0,
      0.0,
      0.0,
      0.0,
      0.0,
      0.0,
      0.0,
      0.0,
      0.0,
      0.0,
      0.0,
      0.0,
      0.0,
      0.0,
      0.0,
      0.0,
      0.0,
      0.0,
      0.0,
      0.0,
      0.0,
      0.0,
      0.0,
      0.0,
      0.0,
      0.0,
      0.0,
      0.0,
      0.0,
      0.0
    ],
    "43": [
      0.0183,
      0.0183,
      0.0,
      0.0183,
      0.0183,
      0.0183,
      0.0183,
      0.0183,
      0.0183,
      0.0183,
      0.0183,
      0.0183,
      0.0183,
      0.0183,
      0.0183,
      0.0183,
      0.0183,
      0.0183,
      0.0183,
      0.0,
      0.0183,
      0.0183,
      0.0183,
      0.0183,
      0.0183,
      0.0183,
      0.0183,
      0.0183,
      0.0183,
      0.0183,
      0.0183,
      0.0183,
      0.0183,
      0.0183,
      0.0183,
      0.0183,
      0.0183,
      0.0183,
      0.0183,
      0.0183,
      0.0183,
      0.0183,
      0.0183,
      0.0183,
      0.0183,
      0.0183,
      0.0183,
      0.0183,
      0.0183,
      0.0183,
      0.0183,
      0.0183,
      0.0183,
      0.0183,
      0.0183,
      0.0183,
      0.0183,
      0.0183,
      0.0183,
      0.0183
    ],
    "90": [
      0.0,
      0.0,
      0.0,
      0.0,
      0.0,
      0.0,
      0.0,
      0.0,
      0.0,
      0.0,
      0.0,
      0.0,
      0.0,
      0.0,
      0.0,
      0.0,
      0.0,
      0.0,
      0.0,
      0.0048,
      0.0,
      0.0,
      0.0,
      0.0,
      0.0,
      0.0,
      0.0,
      0.0,
      0.0,
      0.0,
      0.0,
      0.0,
      0.0,
      0.0,
      0.0,
      0.0,
      0.0,
      0.0,
      0.0,
      0.0,
      0.0,
      0.0,
      0.0,
      0.0,
      0.0,
      0.0,
      0.0,
      0.0,
      0.0,
      0.0,
      0.0,
      0.0,
      0.0,
      0.0,
      0.0,
      0.0,
      0.0,
      0.0,
      0.0,
      0.0
    ],
    "39": [
      0.024,
      0.0669,
      0.0,
      0.0669,
      0.0669,
      0.0669,
      0.0669,
      0.0669,
      0.0669,
      0.0669,
      0.0669,
      0.0668,
      0.0669,
      0.0669,
      0.0669,
      0.0669,
      0.0669,
      0.0669,
      0.0669,
      0.0,
      0.0669,
      0.0669,
      0.0669,
      0.0669,
      0.0669,
      0.0669,
      0.0669,
      0.0669,
      0.0669,
      0.0669,
      0.0669,
      0.0669,
      0.0669,
      0.0,
      0.0669,
      0.0669,
      0.0669,
      0.0669,
      0.0669,
      0.0669,
      0.0669,
      0.0669,
      0.0,
      0.0669,
      0.0669,
      0.0669,
      0.0669,
      0.0669,
      0.0669,
      0.0669,
      0.0669,
      0.0669,
      0.0669,
      0.0669,
      0.0669,
      0.0669,
      0.0669,
      0.0669,
      0.0669,
      0.0669
    ],
    "34": [
      0.0,
      0.0918,
      0.0,
      0.0918,
      0.0918,
      0.0918,
      0.0918,
      0.0918,
      0.0918,
      0.0918,
      0.0918,
      0.0918,
      0.0918,
      0.0918,
      0.0918,
      0.0918,
      0.0,
      0.0918,
      0.0918,
      0.0,
      0.0918,
      0.0918,
      0.0918,
      0.0918,
      0.0918,
      0.0918,
      0.0918,
      0.0918,
      0.0918,
      0.0918,
      0.0918,
      0.0918,
      0.0918,
      0.0,
      0.0918,
      0.0918,
      0.0918,
      0.0918,
      0.0918,
      0.0918,
      0.0918,
      0.0918,
      0.0,
      0.0918,
      0.0918,
      0.0918,
      0.0918,
      0.0918,
      0.0918,
      0.0918,
      0.0918,
      0.0918,
      0.0918,
      0.0918,
      0.0917,
      0.0918,
      0.0918,
      0.0918,
      0.0918,
      0.0918
    ],
    "44": [
      0.0,
      0.0,
      0.0,
      0.0,
      0.0497,
      0.0,
      0.0,
      0.0,
      0.0,
      0.0,
      0.0,
      0.55,
      0.0,
      0.0,
      0.0,
      0.0,
      0.0,
      0.0,
      0.0,
      0.0,
      0.0,
      0.0,
      0.0,
      0.55,
      0.0,
      0.0,
      0.55,
      0.55,
      0.0,
      0.0,
      0.0,
      0.0,
      0.0,
      0.0,
      0.0,
      0.0,
      0.0,
      0.0,
      0.0,
      0.0,
      0.0,
      0.0,
      0.0,
      0.0,
      0.0,
      0.0,
      0.0,
      0.0,
      0.0,
      0.0,
      0.0,
      0.0,
      0.4222,
      0.0,
      0.0,
      0.0,
      0.0,
      0.0,
      0.0,
      0.0
    ],
    "94": [
      0.0,
      0.0,
      0.0,
      0.0,
      0.0,
      0.0,
      0.0,
      0.0,
      0.0,
      0.0,
      0.0,
      0.1054,
      0.0,
      0.0,
      0.0,
      0.0,
      0.0,
      0.0,
      0.0,
      0.0047,
      0.0,
      0.0,
      0.0,
      0.0,
      0.0,
      0.0,
      0.0,
      0.0,
      0.0,
      0.0,
      0.0,
      0.0,
      0.0,
      0.0,
      0.0,
      0.0,
      0.0,
      0.0,
      0.0,
      0.0,
      0.0,
      0.0,
      0.0,
      0.0,
      0.0,
      0.0,
      0.0,
      0.0,
      0.0,
      0.0,
      0.0,
      0.0,
      0.0,
      0.0,
      0.0,
      0.0,
      0.0,
      0.0,
      0.0,
      0.0
    ],
    "55": [
      0.0036,
      0.0036,
      0.0036,
      0.0036,
      0.0036,
      0.0036,
      0.0036,
      0.0036,
      0.0036,
      0.0036,
      0.0036,
      0.0036,
      0.0036,
      0.0036,
      0.0036,
      0.0036,
      0.0,
      0.0036,
      0.0036,
      0.0036,
      0.0036,
      0.0036,
      0.0036,
      0.0036,
      0.0036,
      0.0036,
      0.0036,
      0.0036,
      0.0036,
      0.0036,
      0.0036,
      0.0036,
      0.0036,
      0.0,
      0.0036,
      0.0036,
      0.0036,
      0.0036,
      0.0036,
      0.0036,
      0.0036,
      0.0036,
      0.0036,
      0.0036,
      0.0036,
      0.0036,
      0.0036,
      0.0036,
      0.0036,
      0.0036,
      0.0036,
      0.0036,
      0.0036,
      0.0036,
      0.0036,
      0.0036,
      0.0036,
      0.0036,
      0.0036,
      0.0036
    ],
    "86": [
      0.0,
      0.0,
      0.0,
      0.0,
      0.0,
      0.0,
      0.0,
      0.0,
      0.0,
      0.0,
      0.0,
      0.0,
      0.0,
      0.0,
      0.0,
      0.0,
      0.0,
      0.0,
      0.0,
      0.0048,
      0.0,
      0.0,
      0.0,
      0.0,
      0.0,
      0.0,
      0.0,
      0.0,
      0.0,
      0.0,
      0.0,
      0.0,
      0.0,
      0.0,
      0.0,
      0.0,
      0.0,
      0.0,
      0.0,
      0.0,
      0.0,
      0.0,
      0.0,
      0.0,
      0.0,
      0.0,
      0.0,
      0.0,
      0.0,
      0.0,
      0.0,
      0.0,
      0.0,
      0.0,
      0.0,
      0.0,
      0.0,
      0.0,
      0.0,
      0.0
    ],
    "17": [
      0.0261,
      0.0261,
      0.0,
      0.0261,
      0.0261,
      0.0261,
      0.0261,
      0.0261,
      0.0261,
      0.0261,
      0.0261,
      0.0261,
      0.0261,
      0.0261,
      0.0261,
      0.0261,
      0.0261,
      0.0261,
      0.0261,
      0.0,
      0.0261,
      0.0261,
      0.0261,
      0.0261,
      0.0261,
      0.0261,
      0.0261,
      0.0261,
      0.0261,
      0.0261,
      0.0261,
      0.0261,
      0.0261,
      0.0261,
      0.0261,
      0.0261,
      0.0261,
      0.0261,
      0.0261,
      0.0261,
      0.0261,
      0.0261,
      0.0261,
      0.0261,
      0.0261,
      0.0261,
      0.0261,
      0.0261,
      0.0261,
      0.0261,
      0.0261,
      0.0261,
      0.0261,
      0.0261,
      0.0261,
      0.0261,
      0.0261,
      0.0261,
      0.0261,
      0.0261
    ],
    "71": [
      0.0,
      0.0,
      0.0,
      0.0,
      0.0,
      0.0,
      0.0,
      0.0,
      0.0,
      0.0,
      0.0,
      0.0,
      0.0,
      0.0,
      0.0,
      0.0,
      0.0,
      0.0,
      0.0,
      0.0,
      0.0,
      0.0,
      0.0,
      0.8931,
      0.0,
      0.0,
      1.4493,
      0.127,
      0.0,
      0.0,
      0.0,
      0.0,
      0.0,
      0.0,
      0.0,
      0.0,
      0.0,
      0.0,
      0.0,
      0.0,
      0.0,
      0.0,
      0.0,
      0.0,
      0.0,
      0.0,
      0.0,
      0.0,
      0.0,
      0.0,
      0.0,
      0.0,
      0.0,
      0.0,
      0.0,
      0.0,
      0.0,
      0.0,
      0.0,
      0.0
    ],
    "37": [
      0.0,
      0.0208,
      0.0,
      0.1334,
      0.1334,
      0.1334,
      0.1334,
      0.0501,
      0.1334,
      0.1334,
      0.1334,
      0.1334,
      0.1334,
      0.1334,
      0.1334,
      0.1334,
      0.0,
      0.1334,
      0.1334,
      0.0,
      0.1334,
      0.1334,
      0.1334,
      0.1334,
      0.1334,
      0.1334,
      0.1334,
      0.1334,
      0.1334,
      0.1334,
      0.1334,
      0.1334,
      0.1334,
      0.0,
      0.1334,
      0.1334,
      0.1334,
      0.1334,
      0.1334,
      0.1334,
      0.1334,
      0.1334,
      0.0,
      0.0,
      0.1334,
      0.1334,
      0.1334,
      0.0585,
      0.1334,
      0.1334,
      0.1334,
      0.1334,
      0.1334,
      0.1334,
      0.1334,
      0.1334,
      0.1334,
      0.1334,
      0.0,
      0.1334
    ],
    "47": [
      0.0,
      0.2,
      0.2,
      0.0,
      0.0,
      0.0,
      0.0,
      0.1183,
      0.0,
      0.0,
      0.0,
      0.2,
      0.0,
      0.0,
      0.0,
      0.0,
      0.0,
      0.0,
      0.0,
      0.2,
      0.0,
      0.0,
      0.0,
      0.2,
      0.0,
      0.0,
      0.2,
      0.2,
      0.0,
      0.0,
      0.0,
      0.0,
      0.0,
      0.0,
      0.0,
      0.0,
      0.0,
      0.0,
      0.0,
      0.0,
      0.0,
      0.0,
      0.2,
      0.0979,
      0.0,
      0.0,
      0.0,
      0.0,
      0.0,
      0.0,
      0.0,
      0.0,
      0.0,
      0.0,
      0.0,
      0.0,
      0.0,
      0.0,
      0.0302,
      0.0
    ],
    "9": [
      0.0,
      0.0,
      0.0,
      0.0,
      0.2976,
      0.0,
      0.0,
      0.0,
      0.0,
      0.0,
      0.0,
      0.0,
      0.0,
      0.0,
      0.0,
      0.0,
      0.0,
      0.0,
      0.0,
      0.0,
      0.0,
      0.0,
      0.0,
      0.0,
      0.0,
      0.0,
      0.0,
      0.0,
      0.0193,
      0.0,
      0.0433,
      0.0,
      0.0,
      0.0,
      0.0,
      0.0,
      0.0,
      0.0,
      0.0,
      0.0,
      0.0,
      0.0,
      0.2908,
      0.0,
      0.0,
      0.0,
      0.0,
      0.0,
      0.0,
      0.0,
      0.0,
      0.0,
      1.4152,
      0.0,
      0.0,
      0.0,
      0.0,
      0.0,
      0.0,
      0.0
    ],
    "12": [
      0.0,
      0.0935,
      0.0,
      0.0935,
      0.0935,
      0.0935,
      0.0935,
      0.0935,
      0.0935,
      0.0935,
      0.0935,
      0.0935,
      0.0935,
      0.0935,
      0.0935,
      0.0935,
      0.0,
      0.0935,
      0.0935,
      0.0,
      0.0935,
      0.0935,
      0.0935,
      0.0935,
      0.0935,
      0.0935,
      0.0935,
      0.0935,
      0.0935,
      0.0935,
      0.0935,
      0.0935,
      0.0935,
      0.0,
      0.0935,
      0.0935,
      0.0935,
      0.0935,
      0.0935,
      0.0935,
      0.0935,
      0.0935,
      0.0,
      0.0288,
      0.0935,
      0.0935,
      0.0935,
      0.0935,
      0.0935,
      0.0935,
      0.0935,
      0.0935,
      0.0935,
      0.0935,
      0.0935,
      0.0935,
      0.0935,
      0.0935,
      0.0626,
      0.0935
    ],
    "79": [
      0.0,
      0.0,
      0.0,
      0.0,
      0.0,
      0.0,
      0.0,
      0.0,
      0.0,
      0.0,
      0.0,
      0.0,
      0.0,
      0.0,
      0.0,
      0.0,
      0.0,
      0.0,
      0.0,
      0.0048,
      0.0,
      0.0,
      0.0,
      0.0,
      0.0,
      0.0,
      0.0,
      0.0,
      0.0,
      0.0,
      0.0,
      0.0,
      0.0,
      0.0,
      0.0,
      0.0,
      0.0,
      0.0,
      0.0,
      0.0,
      0.0,
      0.0,
      0.0,
      0.0,
      0.0,
      0.0,
      0.0,
      0.0,
      0.0,
      0.0,
      0.0,
      0.0,
      0.0,
      0.0,
      0.0,
      0.0,
      0.0,
      0.0,
      0.0,
      0.0
    ],
    "20": [
      0.0223,
      0.0223,
      0.0,
      0.0222,
      0.0222,
      0.0223,
      0.0222,
      0.0223,
      0.0223,
      0.0223,
      0.0223,
      0.0222,
      0.0222,
      0.0223,
      0.0222,
      0.0222,
      0.0223,
      0.0223,
      0.0223,
      0.0,
      0.0223,
      0.0223,
      0.0222,
      0.0222,
      0.0223,
      0.0222,
      0.0222,
      0.0223,
      0.0222,
      0.0222,
      0.0222,
      0.0222,
      0.0222,
      0.0223,
      0.0222,
      0.0222,
      0.0222,
      0.0222,
      0.0222,
      0.0223,
      0.0222,
      0.0222,
      0.0223,
      0.0223,
      0.0223,
      0.0223,
      0.0222,
      0.0222,
      0.0222,
      0.0222,
      0.0223,
      0.0223,
      0.0222,
      0.0222,
      0.0223,
      0.0223,
      0.0223,
      0.0222,
      0.0222,
      0.0222
    ],
    "6": [
      0.0,
      0.0,
      0.0,
      0.0,
      0.0,
      0.0,
      0.0,
      0.0,
      0.0,
      0.0,
      0.0,
      0.2,
      0.0,
      0.0,
      0.0,
      0.0,
      0.0,
      0.0,
      0.0,
      0.0,
      0.0,
      0.0,
      0.0,
      0.0,
      0.0,
      0.0,
      0.0,
      0.0,
      0.0,
      0.0,
      0.0,
      0.0,
      0.0,
      0.0,
      0.0,
      0.0,
      0.0,
      0.0,
      0.0,
      0.0,
      0.0,
      0.0,
      0.0,
      0.0,
      0.0,
      0.0,
      0.0,
      0.0,
      0.0,
      0.0,
      0.0,
      0.0,
      0.0,
      0.0,
      0.0,
      0.0,
      0.0,
      0.0,
      0.0,
      0.0
    ],
    "84": [
      0.0,
      0.0,
      0.0,
      0.0,
      0.0,
      0.0,
      0.0,
      0.0,
      0.0,
      0.0,
      0.0,
      0.0,
      0.0,
      0.0,
      0.0,
      0.0,
      0.0,
      0.0,
      0.0,
      0.0048,
      0.0,
      0.0,
      0.0,
      0.0,
      0.0,
      0.0,
      0.0,
      0.0,
      0.0,
      0.0,
      0.0,
      0.0,
      0.0,
      0.0,
      0.0,
      0.0,
      0.0,
      0.0,
      0.0,
      0.0,
      0.0,
      0.0,
      0.0,
      0.0,
      0.0,
      0.0,
      0.0,
      0.0,
      0.0,
      0.0,
      0.0,
      0.0,
      0.0,
      0.0,
      0.0,
      0.0,
      0.0,
      0.0,
      0.0,
      0.0
    ],
    "80": [
      0.0,
      0.0,
      0.0,
      0.0,
      0.0,
      0.0,
      0.0,
      0.0,
      0.0,
      0.0,
      0.0,
      0.0,
      0.0,
      0.0,
      0.0,
      0.0,
      0.0,
      0.0,
      0.0,
      0.0048,
      0.0,
      0.0,
      0.0,
      0.0,
      0.0,
      0.0,
      0.0,
      0.0,
      0.0,
      0.0,
      0.0,
      0.0,
      0.0,
      0.0,
      0.0,
      0.0,
      0.0,
      0.0,
      0.0,
      0.0,
      0.0,
      0.0,
      0.0,
      0.0,
      0.0,
      0.0,
      0.0,
      0.0,
      0.0,
      0.0,
      0.0,
      0.0,
      0.0,
      0.0,
      0.0,
      0.0,
      0.0,
      0.0,
      0.0,
      0.0
    ],
    "70": [
      0.0,
      0.1055,
      0.0,
      0.1055,
      0.1055,
      0.1055,
      0.1055,
      0.1055,
      0.1055,
      0.1055,
      0.1055,
      0.0,
      0.1055,
      0.1055,
      0.1055,
      0.1055,
      0.1055,
      0.1055,
      0.1055,
      0.0,
      0.1055,
      0.1055,
      0.1055,
      0.1055,
      0.1055,
      0.1055,
      0.1055,
      0.1055,
      0.1055,
      0.1055,
      0.1055,
      0.1055,
      0.1055,
      0.0,
      0.1055,
      0.1055,
      0.1055,
      0.1055,
      0.1055,
      0.1055,
      0.1055,
      0.1055,
      0.1055,
      0.1055,
      0.1055,
      0.1055,
      0.1055,
      0.1055,
      0.1055,
      0.1055,
      0.1055,
      0.1055,
      0.1055,
      0.1055,
      0.1055,
      0.1055,
      0.1055,
      0.1055,
      0.1055,
      0.1055
    ],
    "14": [
      0.0,
      0.0,
      0.0,
      0.0,
      0.0,
      0.0,
      0.0,
      0.0,
      0.0,
      0.0,
      0.0,
      0.12,
      0.0,
      0.0,
      0.0,
      0.0,
      0.0,
      0.0,
      0.0,
      0.0,
      0.0,
      0.0,
      0.0,
      0.0,
      0.0,
      0.0,
      0.0,
      0.0,
      0.0,
      0.0,
      0.0,
      0.0,
      0.0,
      0.0,
      0.0,
      0.0,
      0.0,
      0.0,
      0.0,
      0.0,
      0.0,
      0.0,
      0.0,
      0.0,
      0.0,
      0.0,
      0.0,
      0.0,
      0.0,
      0.0,
      0.0,
      0.0,
      0.0,
      0.0,
      0.0,
      0.0,
      0.0,
      0.0,
      0.0,
      0.0
    ],
    "7": [
      0.0198,
      0.0198,
      0.0,
      0.0198,
      0.0198,
      0.0198,
      0.0198,
      0.0198,
      0.0198,
      0.0198,
      0.0198,
      0.0198,
      0.0198,
      0.0198,
      0.0198,
      0.0198,
      0.0198,
      0.0198,
      0.0198,
      0.0,
      0.0198,
      0.0198,
      0.0198,
      0.0198,
      0.0198,
      0.0198,
      0.0198,
      0.0198,
      0.0198,
      0.0198,
      0.0198,
      0.0198,
      0.0198,
      0.0198,
      0.0198,
      0.0198,
      0.0198,
      0.0198,
      0.0198,
      0.0198,
      0.0198,
      0.0198,
      0.0198,
      0.0198,
      0.0198,
      0.0198,
      0.0198,
      0.0198,
      0.0198,
      0.0198,
      0.0198,
      0.0198,
      0.0198,
      0.0198,
      0.0198,
      0.0198,
      0.0198,
      0.0198,
      0.0198,
      0.0198
    ],
    "96": [
      0.0,
      0.0,
      0.0,
      0.0,
      0.0,
      0.0,
      0.0,
      0.0,
      0.0,
      0.0,
      0.0,
      0.1065,
      0.0,
      0.0,
      0.0,
      0.0,
      0.0,
      0.0,
      0.0,
      0.0047,
      0.0,
      0.0,
      0.0,
      0.0,
      0.0,
      0.0,
      0.0,
      0.0,
      0.0,
      0.0,
      0.0,
      0.0,
      0.0,
      0.0,
      0.0,
      0.0,
      0.0,
      0.0,
      0.0,
      0.0,
      0.0,
      0.0,
      0.0,
      0.0,
      0.0,
      0.0,
      0.0,
      0.0,
      0.0,
      0.0,
      0.0,
      0.0,
      0.0,
      0.0,
      0.0,
      0.0,
      0.0,
      0.0,
      0.0,
      0.0
    ],
    "57": [
      0.0,
      0.1931,
      0.0,
      0.0,
      0.0,
      0.0,
      0.0,
      0.0,
      0.0,
      0.0,
      0.0,
      0.0,
      0.0,
      0.0,
      0.0,
      0.0,
      0.0,
      0.0,
      0.0,
      0.0,
      0.0,
      0.0,
      0.0,
      3.4227,
      0.0,
      0.0,
      0.0,
      2.38,
      0.0,
      0.0,
      0.0,
      0.0,
      0.0,
      0.0,
      0.0,
      0.0,
      0.0,
      0.0,
      0.0,
      0.0,
      0.0,
      0.0,
      0.0,
      0.0,
      0.0,
      0.0,
      0.0,
      0.0,
      0.0,
      0.0,
      0.0,
      0.0,
      0.0,
      0.0,
      0.0,
      0.0,
      0.0,
      0.0,
      0.0,
      0.0
    ],
    "8": [
      0.0198,
      0.0198,
      0.0,
      0.0198,
      0.0198,
      0.0198,
      0.0198,
      0.0198,
      0.0198,
      0.0198,
      0.0198,
      0.0198,
      0.0198,
      0.0198,
      0.0198,
      0.0198,
      0.0198,
      0.0198,
      0.0198,
      0.0,
      0.0198,
      0.0198,
      0.0198,
      0.0198,
      0.0198,
      0.0198,
      0.0198,
      0.0198,
      0.0198,
      0.0198,
      0.0198,
      0.0198,
      0.0198,
      0.0198,
      0.0198,
      0.0198,
      0.0198,
      0.0198,
      0.0198,
      0.0198,
      0.0198,
      0.0198,
      0.0198,
      0.0198,
      0.0198,
      0.0198,
      0.0198,
      0.0198,
      0.0198,
      0.0198,
      0.0198,
      0.0198,
      0.0198,
      0.0198,
      0.0198,
      0.0198,
      0.0198,
      0.0198,
      0.0198,
      0.0198
    ],
    "64": [
      0.0,
      0.0,
      0.0,
      0.0,
      0.0,
      0.0,
      0.0,
      0.0,
      0.0,
      0.0,
      0.0,
      0.4685,
      0.0,
      0.0,
      0.0,
      0.0,
      0.0,
      0.0,
      0.0,
      0.0,
      0.0,
      0.0,
      0.0,
      0.0,
      0.0,
      0.0,
      0.0,
      0.0,
      0.0,
      0.0,
      0.0,
      0.0,
      0.0,
      0.0,
      0.0,
      0.0,
      0.0,
      0.0,
      0.0,
      0.0,
      0.0,
      0.0,
      0.0,
      0.0,
      0.0,
      0.0,
      0.0,
      0.0,
      0.0,
      0.0,
      0.0,
      0.0,
      0.0,
      0.0,
      0.0,
      0.0,
      0.0,
      0.0,
      0.0,
      0.0
    ],
    "19": [
      0.0217,
      0.0217,
      0.0,
      0.0217,
      0.0217,
      0.0217,
      0.0217,
      0.0217,
      0.0217,
      0.0217,
      0.0217,
      0.0217,
      0.0217,
      0.0217,
      0.0217,
      0.0217,
      0.0217,
      0.0217,
      0.0217,
      0.0,
      0.0217,
      0.0217,
      0.0217,
      0.0217,
      0.0217,
      0.0217,
      0.0217,
      0.0217,
      0.0217,
      0.0217,
      0.0217,
      0.0217,
      0.0217,
      0.0217,
      0.0217,
      0.0217,
      0.0217,
      0.0217,
      0.0217,
      0.0217,
      0.0217,
      0.0217,
      0.0217,
      0.0217,
      0.0217,
      0.0217,
      0.0217,
      0.0217,
      0.0217,
      0.0217,
      0.0217,
      0.0217,
      0.0217,
      0.0217,
      0.0217,
      0.0217,
      0.0217,
      0.0217,
      0.0217,
      0.0217
    ],
    "91": [
      0.0,
      0.0,
      0.0,
      0.0,
      0.0,
      0.0,
      0.0,
      0.0,
      0.0,
      0.0,
      0.0,
      0.0,
      0.0,
      0.0,
      0.0,
      0.0,
      0.0,
      0.0,
      0.0,
      0.0048,
      0.0,
      0.0,
      0.0,
      0.0,
      0.0,
      0.0,
      0.0,
      0.0,
      0.0,
      0.0,
      0.0,
      0.0,
      0.0,
      0.0,
      0.0,
      0.0,
      0.0,
      0.0,
      0.0,
      0.0,
      0.0,
      0.0,
      0.0,
      0.0,
      0.0,
      0.0,
      0.0,
      0.0,
      0.0,
      0.0,
      0.0,
      0.0,
      0.0,
      0.0,
      0.0,
      0.0,
      0.0,
      0.0,
      0.0,
      0.0
    ],
    "69": [
      0.0,
      0.1055,
      0.0,
      0.1055,
      0.1055,
      0.1055,
      0.1055,
      0.1055,
      0.1055,
      0.1055,
      0.1055,
      0.0,
      0.1055,
      0.1055,
      0.1055,
      0.1055,
      0.1055,
      0.1055,
      0.1055,
      0.0,
      0.1055,
      0.1055,
      0.1055,
      0.1055,
      0.1055,
      0.1055,
      0.1055,
      0.1055,
      0.1055,
      0.1055,
      0.1055,
      0.1055,
      0.1055,
      0.0,
      0.1055,
      0.1055,
      0.1055,
      0.1055,
      0.1055,
      0.1055,
      0.1055,
      0.1055,
      0.1055,
      0.1055,
      0.1055,
      0.1055,
      0.1055,
      0.1055,
      0.1055,
      0.1055,
      0.1055,
      0.1055,
      0.1055,
      0.1055,
      0.1055,
      0.1055,
      0.1055,
      0.1055,
      0.1055,
      0.1055
    ],
    "60": [
      0.0,
      0.0,
      0.0,
      0.0,
      0.0,
      0.0,
      0.0,
      0.0,
      0.0,
      0.0,
      0.0,
      0.0,
      0.0,
      0.0,
      0.0,
      0.0,
      0.0,
      0.0,
      0.0,
      0.0,
      0.0,
      0.0,
      0.0,
      0.1199,
      0.0,
      0.0,
      0.0612,
      0.0,
      0.0,
      0.0,
      0.0,
      0.0,
      0.0,
      0.0,
      0.0,
      0.0,
      0.0,
      0.0,
      0.0,
      0.0,
      0.0,
      0.0,
      0.0,
      0.0,
      0.0,
      0.0,
      0.0,
      0.0,
      0.0,
      0.0,
      0.0,
      0.0,
      0.0,
      0.0,
      0.0,
      0.0,
      0.0,
      0.0,
      0.0,
      0.0
    ],
    "4": [
      0.0194,
      0.0194,
      0.0,
      0.0194,
      0.0194,
      0.0194,
      0.0194,
      0.0194,
      0.0194,
      0.0194,
      0.0194,
      0.0194,
      0.0194,
      0.0194,
      0.0194,
      0.0194,
      0.0194,
      0.0194,
      0.0194,
      0.0,
      0.0194,
      0.0194,
      0.0194,
      0.0194,
      0.0194,
      0.0194,
      0.0194,
      0.0194,
      0.0194,
      0.0194,
      0.0194,
      0.0194,
      0.0194,
      0.0194,
      0.0194,
      0.0194,
      0.0194,
      0.0194,
      0.0194,
      0.0194,
      0.0194,
      0.0194,
      0.0194,
      0.0194,
      0.0194,
      0.0194,
      0.0194,
      0.0194,
      0.0194,
      0.0194,
      0.0194,
      0.0194,
      0.0194,
      0.0194,
      0.0194,
      0.0194,
      0.0194,
      0.0194,
      0.0194,
      0.0194
    ],
    "22": [
      0.0,
      0.0885,
      0.0,
      0.0885,
      0.0885,
      0.0885,
      0.0885,
      0.0885,
      0.0885,
      0.0885,
      0.0885,
      0.0885,
      0.0885,
      0.0885,
      0.0885,
      0.0885,
      0.0885,
      0.0885,
      0.0885,
      0.0,
      0.0885,
      0.0885,
      0.0885,
      0.0885,
      0.0885,
      0.0885,
      0.0885,
      0.0885,
      0.0885,
      0.0885,
      0.0885,
      0.0885,
      0.0885,
      0.0,
      0.0885,
      0.0885,
      0.0885,
      0.0885,
      0.0885,
      0.0885,
      0.0885,
      0.0885,
      0.0,
      0.0885,
      0.0885,
      0.0885,
      0.0885,
      0.0885,
      0.0885,
      0.0885,
      0.0885,
      0.0885,
      0.0885,
      0.0885,
      0.0885,
      0.0885,
      0.0885,
      0.0885,
      0.0885,
      0.0885
    ],
    "11": [
      0.0,
      0.0935,
      0.0,
      0.0935,
      0.0935,
      0.0935,
      0.0935,
      0.0935,
      0.0935,
      0.0935,
      0.0935,
      0.0935,
      0.0935,
      0.0935,
      0.0935,
      0.0935,
      0.0,
      0.0935,
      0.0935,
      0.0,
      0.0935,
      0.0935,
      0.0935,
      0.0935,
      0.0935,
      0.0935,
      0.0935,
      0.0935,
      0.0935,
      0.0935,
      0.0935,
      0.0935,
      0.0935,
      0.0,
      0.0935,
      0.0935,
      0.0935,
      0.0935,
      0.0935,
      0.0935,
      0.0935,
      0.0935,
      0.0,
      0.0288,
      0.0935,
      0.0935,
      0.0935,
      0.0935,
      0.0935,
      0.0935,
      0.0935,
      0.0935,
      0.0935,
      0.0935,
      0.0935,
      0.0935,
      0.0935,
      0.0935,
      0.0626,
      0.0935
    ],
    "35": [
      0.0,
      0.0943,
      0.0,
      0.0943,
      0.0943,
      0.0943,
      0.0943,
      0.0943,
      0.0943,
      0.0943,
      0.0943,
      0.0943,
      0.0943,
      0.0943,
      0.0943,
      0.0943,
      0.0,
      0.0943,
      0.0943,
      0.0,
      0.0943,
      0.0943,
      0.0943,
      0.0943,
      0.0943,
      0.0943,
      0.0943,
      0.0943,
      0.0943,
      0.0943,
      0.0943,
      0.0943,
      0.0943,
      0.0,
      0.0943,
      0.0943,
      0.0943,
      0.0943,
      0.0943,
      0.0943,
      0.0943,
      0.0943,
      0.0,
      0.0943,
      0.0943,
      0.0943,
      0.0943,
      0.0943,
      0.0943,
      0.0943,
      0.0943,
      0.0943,
      0.0943,
      0.0943,
      0.0943,
      0.0943,
      0.0943,
      0.0943,
      0.0943,
      0.0943
    ],
    "13": [
      0.0,
      0.0935,
      0.0,
      0.0935,
      0.0935,
      0.0935,
      0.0935,
      0.0935,
      0.0935,
      0.0935,
      0.0935,
      0.0935,
      0.0935,
      0.0935,
      0.0935,
      0.0935,
      0.0,
      0.0935,
      0.0935,
      0.0,
      0.0935,
      0.0935,
      0.0935,
      0.0935,
      0.0935,
      0.0935,
      0.0935,
      0.0935,
      0.0935,
      0.0935,
      0.0935,
      0.0935,
      0.0935,
      0.0,
      0.0935,
      0.0935,
      0.0935,
      0.0935,
      0.0935,
      0.0935,
      0.0935,
      0.0935,
      0.0,
      0.0288,
      0.0935,
      0.0935,
      0.0935,
      0.0935,
      0.0935,
      0.0935,
      0.0935,
      0.0935,
      0.0935,
      0.0935,
      0.0935,
      0.0935,
      0.0935,
      0.0935,
      0.0626,
      0.0935
    ],
    "67": [
      0.0559,
      0.0559,
      0.0,
      0.0559,
      0.0559,
      0.0559,
      0.0559,
      0.0559,
      0.0559,
      0.0559,
      0.0559,
      0.0,
      0.0559,
      0.0559,
      0.0559,
      0.0559,
      0.0559,
      0.0559,
      0.0559,
      0.0,
      0.0559,
      0.0559,
      0.0559,
      0.0559,
      0.0559,
      0.0559,
      0.0559,
      0.0559,
      0.0559,
      0.0559,
      0.0559,
      0.0559,
      0.0559,
      0.0559,
      0.0559,
      0.0559,
      0.0559,
      0.0559,
      0.0559,
      0.0559,
      0.0559,
      0.0559,
      0.0559,
      0.0559,
      0.0559,
      0.0559,
      0.0559,
      0.0559,
      0.0559,
      0.0559,
      0.0559,
      0.0559,
      0.0559,
      0.0559,
      0.0559,
      0.0559,
      0.0559,
      0.0559,
      0.0559,
      0.0559
    ],
    "61": [
      0.0,
      0.0,
      0.0,
      0.0,
      0.0,
      0.0,
      0.0,
      0.0,
      0.0,
      0.0,
      0.0,
      0.0,
      0.0,
      0.0,
      0.0,
      0.0,
      0.0,
      0.0,
      0.0,
      0.0,
      0.0,
      0.0,
      0.0,
      0.1199,
      0.0,
      0.0,
      0.0612,
      0.0,
      0.0,
      0.0,
      0.0,
      0.0,
      0.0,
      0.0,
      0.0,
      0.0,
      0.0,
      0.0,
      0.0,
      0.0,
      0.0,
      0.0,
      0.0,
      0.0,
      0.0,
      0.0,
      0.0,
      0.0,
      0.0,
      0.0,
      0.0,
      0.0,
      0.0,
      0.0,
      0.0,
      0.0,
      0.0,
      0.0,
      0.0,
      0.0
    ],
    "15": [
      0.0,
      0.0,
      0.0,
      0.0,
      0.0,
      0.0,
      0.0,
      0.0,
      0.0,
      0.0,
      0.0,
      0.12,
      0.0,
      0.0,
      0.0,
      0.0,
      0.0,
      0.0,
      0.0,
      0.0,
      0.0,
      0.0,
      0.0,
      0.0,
      0.0,
      0.0,
      0.0,
      0.0,
      0.0,
      0.0,
      0.0,
      0.0,
      0.0,
      0.0,
      0.0,
      0.0,
      0.0,
      0.0,
      0.0,
      0.0,
      0.0,
      0.0,
      0.0,
      0.0,
      0.0,
      0.0,
      0.0,
      0.0,
      0.0,
      0.0,
      0.0,
      0.0,
      0.0,
      0.0,
      0.0,
      0.0,
      0.0,
      0.0,
      0.0,
      0.0
    ],
    "16": [
      0.0233,
      0.0233,
      0.0,
      0.0233,
      0.0233,
      0.0233,
      0.0233,
      0.0233,
      0.0233,
      0.0233,
      0.0233,
      0.0233,
      0.0233,
      0.0233,
      0.0233,
      0.0233,
      0.0233,
      0.0233,
      0.0233,
      0.0,
      0.0233,
      0.0233,
      0.0233,
      0.0233,
      0.0233,
      0.0233,
      0.0233,
      0.0233,
      0.0233,
      0.0233,
      0.0233,
      0.0233,
      0.0233,
      0.0233,
      0.0233,
      0.0233,
      0.0233,
      0.0233,
      0.0233,
      0.0233,
      0.0233,
      0.0233,
      0.0233,
      0.0233,
      0.0233,
      0.0233,
      0.0233,
      0.0233,
      0.0233,
      0.0233,
      0.0233,
      0.0233,
      0.0233,
      0.0233,
      0.0234,
      0.0233,
      0.0233,
      0.0233,
      0.0233,
      0.0233
    ],
    "40": [
      0.0301,
      0.0301,
      0.0,
      0.0301,
      0.0301,
      0.0301,
      0.0301,
      0.0301,
      0.0301,
      0.0301,
      0.0301,
      0.0301,
      0.0301,
      0.0301,
      0.0301,
      0.0301,
      0.0301,
      0.0301,
      0.0301,
      0.0,
      0.0301,
      0.0301,
      0.0301,
      0.0301,
      0.0301,
      0.0301,
      0.0301,
      0.0301,
      0.0301,
      0.0301,
      0.0301,
      0.0301,
      0.0301,
      0.0301,
      0.0301,
      0.0301,
      0.0301,
      0.0301,
      0.0301,
      0.0301,
      0.0301,
      0.0301,
      0.0301,
      0.0301,
      0.0301,
      0.0301,
      0.0301,
      0.0301,
      0.0301,
      0.0301,
      0.0301,
      0.0301,
      0.0301,
      0.0301,
      0.0301,
      0.0301,
      0.0301,
      0.0301,
      0.0301,
      0.0301
    ],
    "46": [
      0.0,
      0.0,
      0.0,
      0.0,
      0.0497,
      0.0,
      0.0,
      0.0,
      0.0,
      0.0,
      0.0,
      0.55,
      0.0,
      0.0,
      0.0,
      0.0,
      0.0,
      0.0,
      0.0,
      0.0,
      0.0,
      0.0,
      0.0,
      0.55,
      0.0,
      0.0,
      0.55,
      0.55,
      0.0,
      0.0,
      0.0,
      0.0,
      0.0,
      0.0,
      0.0,
      0.0,
      0.0,
      0.0,
      0.0,
      0.0,
      0.0,
      0.0,
      0.0,
      0.0,
      0.0,
      0.0,
      0.0,
      0.0,
      0.0,
      0.0,
      0.0,
      0.0,
      0.4222,
      0.0,
      0.0,
      0.0,
      0.0,
      0.0,
      0.0,
      0.0
    ],
    "21": [
      0.0,
      0.0885,
      0.0,
      0.0885,
      0.0885,
      0.0885,
      0.0885,
      0.0885,
      0.0885,
      0.0885,
      0.0885,
      0.0885,
      0.0885,
      0.0885,
      0.0885,
      0.0885,
      0.0885,
      0.0885,
      0.0885,
      0.0,
      0.0885,
      0.0885,
      0.0885,
      0.0885,
      0.0885,
      0.0885,
      0.0885,
      0.0885,
      0.0885,
      0.0885,
      0.0885,
      0.0885,
      0.0885,
      0.0,
      0.0885,
      0.0885,
      0.0885,
      0.0885,
      0.0885,
      0.0885,
      0.0885,
      0.0885,
      0.0,
      0.0885,
      0.0885,
      0.0885,
      0.0885,
      0.0885,
      0.0885,
      0.0885,
      0.0885,
      0.0885,
      0.0885,
      0.0885,
      0.0885,
      0.0885,
      0.0885,
      0.0885,
      0.0885,
      0.0885
    ],
    "38": [
      0.0178,
      0.0178,
      0.0,
      0.0178,
      0.0178,
      0.0178,
      0.0178,
      0.0178,
      0.0178,
      0.0178,
      0.0178,
      0.0178,
      0.0178,
      0.0178,
      0.0178,
      0.0178,
      0.0178,
      0.0178,
      0.0178,
      0.0,
      0.0178,
      0.0178,
      0.0178,
      0.0178,
      0.0178,
      0.0178,
      0.0178,
      0.0178,
      0.0178,
      0.0178,
      0.0178,
      0.0178,
      0.0178,
      0.0178,
      0.0178,
      0.0178,
      0.0178,
      0.0178,
      0.0178,
      0.0178,
      0.0178,
      0.0178,
      0.0178,
      0.0178,
      0.0178,
      0.0178,
      0.0178,
      0.0178,
      0.0178,
      0.0178,
      0.0178,
      0.0178,
      0.0178,
      0.0178,
      0.0178,
      0.0178,
      0.0178,
      0.0178,
      0.0178,
      0.0178
    ],
    "72": [
      0.0,
      0.0,
      0.0,
      0.0,
      0.0,
      0.0,
      0.0,
      0.0,
      0.0,
      0.0,
      0.0,
      0.0,
      0.0,
      0.0,
      0.0,
      0.0,
      0.0,
      0.0,
      0.0,
      0.0,
      0.0,
      0.0,
      0.0,
      0.8932,
      0.0,
      0.0,
      1.4495,
      0.127,
      0.0,
      0.0,
      0.0,
      0.0,
      0.0,
      0.0,
      0.0,
      0.0,
      0.0,
      0.0,
      0.0,
      0.0,
      0.0,
      0.0,
      0.0,
      0.0,
      0.0,
      0.0,
      0.0,
      0.0,
      0.0,
      0.0,
      0.0,
      0.0,
      0.0,
      0.0,
      0.0,
      0.0,
      0.0,
      0.0,
      0.0,
      0.0
    ],
    "83": [
      0.0,
      0.0,
      0.0,
      0.0,
      0.0,
      0.0,
      0.0,
      0.0,
      0.0,
      0.0,
      0.0,
      0.0,
      0.0,
      0.0,
      0.0,
      0.0,
      0.0,
      0.0,
      0.0,
      0.0048,
      0.0,
      0.0,
      0.0,
      0.0,
      0.0,
      0.0,
      0.0,
      0.0,
      0.0,
      0.0,
      0.0,
      0.0,
      0.0,
      0.0,
      0.0,
      0.0,
      0.0,
      0.0,
      0.0,
      0.0,
      0.0,
      0.0,
      0.0,
      0.0,
      0.0,
      0.0,
      0.0,
      0.0,
      0.0,
      0.0,
      0.0,
      0.0,
      0.0,
      0.0,
      0.0,
      0.0,
      0.0,
      0.0,
      0.0,
      0.0
    ],
    "45": [
      0.0,
      0.0,
      0.0,
      0.0,
      0.0497,
      0.0,
      0.0,
      0.0,
      0.0,
      0.0,
      0.0,
      0.55,
      0.0,
      0.0,
      0.0,
      0.0,
      0.0,
      0.0,
      0.0,
      0.0,
      0.0,
      0.0,
      0.0,
      0.55,
      0.0,
      0.0,
      0.55,
      0.55,
      0.0,
      0.0,
      0.0,
      0.0,
      0.0,
      0.0,
      0.0,
      0.0,
      0.0,
      0.0,
      0.0,
      0.0,
      0.0,
      0.0,
      0.0,
      0.0,
      0.0,
      0.0,
      0.0,
      0.0,
      0.0,
      0.0,
      0.0,
      0.0,
      0.4222,
      0.0,
      0.0,
      0.0,
      0.0,
      0.0,
      0.0,
      0.0
    ],
    "68": [
      0.0486,
      0.0486,
      0.0486,
      0.0486,
      0.0486,
      0.0486,
      0.0486,
      0.0486,
      0.0486,
      0.0486,
      0.0486,
      0.0,
      0.0486,
      0.0486,
      0.0486,
      0.0486,
      0.0486,
      0.0486,
      0.0486,
      0.0,
      0.0486,
      0.0486,
      0.0486,
      0.0486,
      0.0486,
      0.0486,
      0.0486,
      0.0486,
      0.0486,
      0.0486,
      0.0486,
      0.0486,
      0.0486,
      0.0486,
      0.0486,
      0.0486,
      0.0486,
      0.0486,
      0.0486,
      0.0486,
      0.0486,
      0.0486,
      0.0486,
      0.0486,
      0.0486,
      0.0486,
      0.0486,
      0.0486,
      0.0486,
      0.0486,
      0.0486,
      0.0486,
      0.0486,
      0.0486,
      0.0487,
      0.0486,
      0.0486,
      0.0486,
      0.0486,
      0.0486
    ],
    "56": [
      0.0036,
      0.0036,
      0.0036,
      0.0036,
      0.0036,
      0.0036,
      0.0036,
      0.0036,
      0.0036,
      0.0036,
      0.0036,
      0.0036,
      0.0036,
      0.0036,
      0.0036,
      0.0036,
      0.0,
      0.0036,
      0.0036,
      0.0036,
      0.0036,
      0.0036,
      0.0036,
      0.0036,
      0.0036,
      0.0036,
      0.0036,
      0.0036,
      0.0036,
      0.0036,
      0.0036,
      0.0036,
      0.0036,
      0.0,
      0.0036,
      0.0036,
      0.0036,
      0.0036,
      0.0036,
      0.0036,
      0.0036,
      0.0036,
      0.0036,
      0.0036,
      0.0036,
      0.0036,
      0.0036,
      0.0036,
      0.0036,
      0.0036,
      0.0036,
      0.0036,
      0.0036,
      0.0036,
      0.0036,
      0.0036,
      0.0036,
      0.0036,
      0.0036,
      0.0036
    ],
    "36": [
      0.0,
      0.0208,
      0.0,
      0.1334,
      0.1334,
      0.1334,
      0.1334,
      0.0501,
      0.1334,
      0.1334,
      0.1334,
      0.1334,
      0.1334,
      0.1334,
      0.1334,
      0.1334,
      0.0,
      0.1334,
      0.1334,
      0.0,
      0.1334,
      0.1334,
      0.1334,
      0.1334,
      0.1334,
      0.1334,
      0.1334,
      0.1334,
      0.1334,
      0.1334,
      0.1334,
      0.1334,
      0.1334,
      0.0,
      0.1334,
      0.1334,
      0.1334,
      0.1334,
      0.1334,
      0.1334,
      0.1334,
      0.1334,
      0.0,
      0.0,
      0.1334,
      0.1334,
      0.1334,
      0.0585,
      0.1334,
      0.1334,
      0.1334,
      0.1334,
      0.1334,
      0.1334,
      0.1334,
      0.1334,
      0.1334,
      0.1334,
      0.0,
      0.1334
    ],
    "95": [
      0.0,
      0.0,
      0.0,
      0.0,
      0.0,
      0.0,
      0.0,
      0.0,
      0.0,
      0.0,
      0.0,
      0.1065,
      0.0,
      0.0,
      0.0,
      0.0,
      0.0,
      0.0,
      0.0,
      0.0047,
      0.0,
      0.0,
      0.0,
      0.0,
      0.0,
      0.0,
      0.0,
      0.0,
      0.0,
      0.0,
      0.0,
      0.0,
      0.0,
      0.0,
      0.0,
      0.0,
      0.0,
      0.0,
      0.0,
      0.0,
      0.0,
      0.0,
      0.0,
      0.0,
      0.0,
      0.0,
      0.0,
      0.0,
      0.0,
      0.0,
      0.0,
      0.0,
      0.0,
      0.0,
      0.0,
      0.0,
      0.0,
      0.0,
      0.0,
      0.0
    ],
    "66": [
      0.0,
      0.0,
      0.8133,
      0.0,
      0.0,
      0.0,
      0.0,
      0.0,
      0.0,
      0.0,
      0.0,
      1.4956,
      0.0,
      0.0,
      0.0,
      0.0,
      0.0,
      0.0,
      0.0,
      0.0,
      0.0,
      0.0,
      0.0,
      0.0,
      0.0,
      0.0,
      0.0,
      0.0,
      0.0,
      0.0,
      0.0,
      0.0,
      0.0,
      0.0,
      0.0,
      0.0,
      0.0,
      0.0,
      0.0,
      0.0,
      0.0,
      0.0,
      0.0,
      0.0,
      0.0,
      0.0,
      0.0,
      0.0,
      0.0,
      0.0,
      0.0,
      0.0,
      0.0,
      0.0,
      0.0,
      0.0,
      0.0,
      0.0,
      0.0,
      0.0
    ],
    "76": [
      0.0,
      0.0,
      0.0,
      0.0,
      0.0,
      0.0,
      0.0,
      0.0,
      0.0,
      0.0,
      0.0,
      0.0,
      0.0,
      0.0,
      0.0,
      0.0,
      0.0,
      0.0,
      0.0,
      0.0048,
      0.0,
      0.0,
      0.0,
      0.0,
      0.0,
      0.0,
      0.0,
      0.0,
      0.0,
      0.0,
      0.0,
      0.0,
      0.0,
      0.0,
      0.0,
      0.0,
      0.0,
      0.0,
      0.0,
      0.0,
      0.0,
      0.0,
      0.0,
      0.0,
      0.0,
      0.0,
      0.0,
      0.0,
      0.0,
      0.0,
      0.0,
      0.0,
      0.0,
      0.0,
      0.0,
      0.0,
      0.0,
      0.0,
      0.0,
      0.0
    ],
    "85": [
      0.0,
      0.0,
      0.0,
      0.0,
      0.0,
      0.0,
      0.0,
      0.0,
      0.0,
      0.0,
      0.0,
      0.0,
      0.0,
      0.0,
      0.0,
      0.0,
      0.0,
      0.0,
      0.0,
      0.0048,
      0.0,
      0.0,
      0.0,
      0.0,
      0.0,
      0.0,
      0.0,
      0.0,
      0.0,
      0.0,
      0.0,
      0.0,
      0.0,
      0.0,
      0.0,
      0.0,
      0.0,
      0.0,
      0.0,
      0.0,
      0.0,
      0.0,
      0.0,
      0.0,
      0.0,
      0.0,
      0.0,
      0.0,
      0.0,
      0.0,
      0.0,
      0.0,
      0.0,
      0.0,
      0.0,
      0.0,
      0.0,
      0.0,
      0.0,
      0.0
    ],
    "48": [
      0.0,
      0.2,
      0.2,
      0.0,
      0.0,
      0.0,
      0.0,
      0.1183,
      0.0,
      0.0,
      0.0,
      0.2,
      0.0,
      0.0,
      0.0,
      0.0,
      0.0,
      0.0,
      0.0,
      0.2,
      0.0,
      0.0,
      0.0,
      0.2,
      0.0,
      0.0,
      0.2,
      0.2,
      0.0,
      0.0,
      0.0,
      0.0,
      0.0,
      0.0,
      0.0,
      0.0,
      0.0,
      0.0,
      0.0,
      0.0,
      0.0,
      0.0,
      0.2,
      0.0979,
      0.0,
      0.0,
      0.0,
      0.0,
      0.0,
      0.0,
      0.0,
      0.0,
      0.0,
      0.0,
      0.0,
      0.0,
      0.0,
      0.0,
      0.0302,
      0.0
    ],
    "18": [
      0.0348,
      0.0348,
      0.0,
      0.0348,
      0.0348,
      0.0348,
      0.0348,
      0.0348,
      0.0348,
      0.0348,
      0.0348,
      0.0348,
      0.0348,
      0.0348,
      0.0348,
      0.0348,
      0.0348,
      0.0348,
      0.0348,
      0.0,
      0.0348,
      0.0348,
      0.0348,
      0.0348,
      0.0348,
      0.0348,
      0.0348,
      0.0348,
      0.0348,
      0.0348,
      0.0348,
      0.0348,
      0.0348,
      0.0348,
      0.0348,
      0.0348,
      0.0348,
      0.0348,
      0.0348,
      0.0348,
      0.0348,
      0.0348,
      0.0348,
      0.0348,
      0.0348,
      0.0348,
      0.0348,
      0.0348,
      0.0348,
      0.0348,
      0.0348,
      0.0348,
      0.0348,
      0.0348,
      0.0348,
      0.0348,
      0.0348,
      0.0348,
      0.0348,
      0.0348
    ],
    "30": [
      0.0234,
      0.0234,
      0.0,
      0.0234,
      0.0234,
      0.0234,
      0.0234,
      0.0234,
      0.0234,
      0.0234,
      0.0234,
      0.0234,
      0.0234,
      0.0234,
      0.0234,
      0.0234,
      0.0234,
      0.0234,
      0.0234,
      0.0,
      0.0234,
      0.0234,
      0.0234,
      0.0234,
      0.0234,
      0.0234,
      0.0234,
      0.0234,
      0.0234,
      0.0234,
      0.0234,
      0.0234,
      0.0234,
      0.0234,
      0.0234,
      0.0234,
      0.0234,
      0.0234,
      0.0234,
      0.0234,
      0.0234,
      0.0234,
      0.0234,
      0.0234,
      0.0234,
      0.0234,
      0.0234,
      0.0234,
      0.0234,
      0.0234,
      0.0234,
      0.0234,
      0.0234,
      0.0234,
      0.0234,
      0.0234,
      0.0234,
      0.0234,
      0.0234,
      0.0234
    ],
    "3": [
      0.0194,
      0.0194,
      0.0,
      0.0194,
      0.0194,
      0.0194,
      0.0194,
      0.0194,
      0.0194,
      0.0194,
      0.0194,
      0.0194,
      0.0194,
      0.0194,
      0.0194,
      0.0194,
      0.0194,
      0.0194,
      0.0194,
      0.0,
      0.0194,
      0.0194,
      0.0194,
      0.0194,
      0.0194,
      0.0194,
      0.0194,
      0.0194,
      0.0194,
      0.0194,
      0.0194,
      0.0194,
      0.0194,
      0.0194,
      0.0194,
      0.0194,
      0.0194,
      0.0194,
      0.0194,
      0.0194,
      0.0194,
      0.0194,
      0.0194,
      0.0194,
      0.0194,
      0.0194,
      0.0194,
      0.0194,
      0.0194,
      0.0194,
      0.0194,
      0.0194,
      0.0194,
      0.0194,
      0.0194,
      0.0194,
      0.0194,
      0.0194,
      0.0194,
      0.0194
    ]
  },
  "turned_off_branches": [],
  "total_base_load": 85.5,
  "total_base_generation": 80.7848,
  "num_iterations": 13,
  "objective_value": 2512.6327,
  "costs": {
    "generation": {
      "32": 43.99613183501683,
      "29": 23.735361611722833,
      "81": 0.0,
      "54": 48.51372934343434,
      "78": 0.0,
      "1": 118.38716995370369,
      "2": 118.38716995370369,
      "74": 8.1035,
      "41": 21.302951266427716,
      "65": 34.14462060606061,
      "53": 48.51372934343434,
      "51": 124.07359032407406,
      "27": 114.96343504629631,
      "75": 0.0,
      "42": 21.302951266427716,
      "33": 29.168291615738358,
      "28": 114.96343504629631,
      "52": 124.07359032407406,
      "50": 41.64213222222222,
      "63": 34.14462060606061,
      "92": 0.0,
      "88": 0.0,
      "93": 0.0,
      "26": 25.435791209655658,
      "10": 40.14569638047138,
      "77": 0.0,
      "87": 0.0,
      "24": 117.64910430555555,
      "58": 123.35636426143752,
      "25": 117.64910430555555,
      "23": 39.331251835016836,
      "49": 41.64213222222222,
      "59": 123.35636426143752,
      "5": 123.32824171296294,
      "31": 43.99613183501683,
      "89": 0.0,
      "62": 123.35636426143752,
      "43": 22.624312447089945,
      "90": 0.0,
      "39": 35.82141730511828,
      "34": 40.14569638047138,
      "44": 58.652174949494956,
      "94": 0.0,
      "55": 41.26780735690236,
      "86": 0.0,
      "17": 24.67496107526881,
      "71": 28.715664964338444,
      "37": 41.99752484848486,
      "47": 124.07359032407406,
      "9": 27.185603831837046,
      "73": 0.0,
      "82": 0.0,
      "12": 40.14569638047138,
      "79": 0.0,
      "20": 23.488738634920637,
      "6": 123.32824171296294,
      "84": 0.0,
      "80": 0.0,
      "70": 36.5010677946128,
      "14": 154.94393552756287,
      "7": 22.341218887016222,
      "96": 0.0,
      "57": 27.720264387297767,
      "8": 22.341218887016222,
      "64": 34.14462060606061,
      "19": 23.22601665471923,
      "91": 0.0,
      "69": 36.5010677946128,
      "60": 123.35636426143752,
      "4": 22.12794190296677,
      "22": 39.331251835016836,
      "11": 40.14569638047138,
      "35": 40.14569638047138,
      "13": 40.14569638047138,
      "67": 29.7150284854092,
      "61": 123.35636426143752,
      "15": 154.94393552756287,
      "16": 23.333282066905614,
      "40": 26.734682613243493,
      "46": 58.652174949494956,
      "21": 39.331251835016836,
      "38": 21.885746995221027,
      "72": 28.715664964338444,
      "83": 0.0,
      "45": 58.652174949494956,
      "68": 27.24417035311512,
      "56": 41.26780735690236,
      "36": 41.99752484848486,
      "95": 0.0,
      "66": 23.750912526881717,
      "76": 0.0,
      "85": 0.0,
      "48": 124.07359032407406,
      "18": 27.426400711881353,
      "30": 23.735361611722833,
      "3": 22.12794190296677
    },
    "up_ramping": {
      "32": 44.436093153367004,
      "29": 23.972715227840062,
      "81": 0.0,
      "54": 48.998866636868684,
      "78": 0.0,
      "1": 119.57104165324073,
      "2": 119.57104165324073,
      "74": 8.184535,
      "41": 21.515980779091993,
      "65": 34.486066812121216,
      "53": 48.998866636868684,
      "51": 125.31432622731481,
      "27": 116.11306939675927,
      "75": 0.0,
      "42": 21.515980779091993,
      "33": 29.459974531895742,
      "28": 116.11306939675927,
      "52": 125.31432622731481,
      "50": 42.05855354444444,
      "63": 34.486066812121216,
      "92": 0.0,
      "88": 0.0,
      "93": 0.0,
      "26": 25.690149121752214,
      "10": 40.54715334427609,
      "77": 0.0,
      "87": 0.0,
      "24": 118.8255953486111,
      "58": 124.58992790405189,
      "25": 118.8255953486111,
      "23": 39.72456435336701,
      "49": 42.05855354444444,
      "59": 124.58992790405189,
      "5": 124.56152413009256,
      "31": 44.436093153367004,
      "89": 0.0,
      "62": 124.58992790405189,
      "43": 22.850555571560843,
      "90": 0.0,
      "39": 36.17963147816946,
      "34": 40.54715334427609,
      "44": 59.238696698989905,
      "94": 0.0,
      "55": 41.680485430471386,
      "86": 0.0,
      "17": 24.9217106860215,
      "71": 29.00282161398183,
      "37": 42.417500096969704,
      "47": 125.31432622731481,
      "9": 27.457459870155418,
      "73": 0.0,
      "82": 0.0,
      "12": 40.54715334427609,
      "79": 0.0,
      "20": 23.723626021269844,
      "6": 124.56152413009256,
      "84": 0.0,
      "80": 0.0,
      "70": 36.86607847255893,
      "14": 156.4933748828385,
      "7": 22.564631075886386,
      "96": 0.0,
      "57": 27.997467031170746,
      "8": 22.564631075886386,
      "64": 34.486066812121216,
      "19": 23.458276821266423,
      "91": 0.0,
      "69": 36.86607847255893,
      "60": 124.58992790405189,
      "4": 22.34922132199644,
      "22": 39.72456435336701,
      "11": 40.54715334427609,
      "35": 40.54715334427609,
      "13": 40.54715334427609,
      "67": 30.01217877026329,
      "61": 124.58992790405189,
      "15": 156.4933748828385,
      "16": 23.56661488757467,
      "40": 27.002029439375928,
      "46": 59.238696698989905,
      "21": 39.72456435336701,
      "38": 22.104604465173235,
      "72": 29.00282161398183,
      "83": 0.0,
      "45": 59.238696698989905,
      "68": 27.51661205664627,
      "56": 41.680485430471386,
      "36": 42.417500096969704,
      "95": 0.0,
      "66": 23.988421652150535,
      "76": 0.0,
      "85": 0.0,
      "48": 125.31432622731481,
      "18": 27.700664719000166,
      "30": 23.972715227840062,
      "3": 22.34922132199644
    },
    "load_shedding_cost": {
      "32": 1549.4393552756287,
      "29": 1549.4393552756287,
      "1": 1549.4393552756287,
      "12": 1549.4393552756287,
      "48": 1549.4393552756287,
      "20": 1549.4393552756287,
      "2": 1549.4393552756287,
      "6": 1549.4393552756287,
      "41": 1549.4393552756287,
      "51": 1549.4393552756287,
      "27": 1549.4393552756287,
      "42": 1549.4393552756287,
      "33": 1549.4393552756287,
      "28": 1549.4393552756287,
      "50": 1549.4393552756287,
      "14": 1549.4393552756287,
      "7": 1549.4393552756287,
      "8": 1549.4393552756287,
      "26": 1549.4393552756287,
      "10": 1549.4393552756287,
      "19": 1549.4393552756287,
      "24": 1549.4393552756287,
      "4": 1549.4393552756287,
      "25": 1549.4393552756287,
      "23": 1549.4393552756287,
      "22": 1549.4393552756287,
      "11": 1549.4393552756287,
      "35": 1549.4393552756287,
      "13": 1549.4393552756287,
      "49": 1549.4393552756287,
      "5": 1549.4393552756287,
      "31": 1549.4393552756287,
      "15": 1549.4393552756287,
      "43": 1549.4393552756287,
      "16": 1549.4393552756287,
      "39": 1549.4393552756287,
      "40": 1549.4393552756287,
      "46": 1549.4393552756287,
      "21": 1549.4393552756287,
      "38": 1549.4393552756287,
      "34": 1549.4393552756287,
      "44": 1549.4393552756287,
      "45": 1549.4393552756287,
      "36": 1549.4393552756287,
      "17": 1549.4393552756287,
      "37": 1549.4393552756287,
      "47": 1549.4393552756287,
      "18": 1549.4393552756287,
      "9": 1549.4393552756287,
      "30": 1549.4393552756287,
      "3": 1549.4393552756287
    },
    "down_ramping": {
      "32": 0.43996131835016833,
      "29": 0.23735361611722833,
      "81": 0.0,
      "54": 0.4851372934343434,
      "78": 0.0,
      "1": 1.1838716995370369,
      "2": 1.1838716995370369,
      "74": 0.08103500000000001,
      "41": 0.21302951266427717,
      "65": 0.34144620606060616,
      "53": 0.4851372934343434,
      "51": 1.2407359032407406,
      "27": 1.1496343504629631,
      "75": 0.0,
      "42": 0.21302951266427717,
      "33": 0.29168291615738356,
      "28": 1.1496343504629631,
      "52": 1.2407359032407406,
      "50": 0.4164213222222222,
      "63": 0.34144620606060616,
      "92": 0.0,
      "88": 0.0,
      "93": 0.0,
      "26": 0.25435791209655656,
      "10": 0.4014569638047138,
      "77": 0.0,
      "87": 0.0,
      "24": 1.1764910430555555,
      "58": 1.2335636426143752,
      "25": 1.1764910430555555,
      "23": 0.3933125183501684,
      "49": 0.4164213222222222,
      "59": 1.2335636426143752,
      "5": 1.2332824171296293,
      "31": 0.43996131835016833,
      "89": 0.0,
      "62": 1.2335636426143752,
      "43": 0.22624312447089945,
      "90": 0.0,
      "39": 0.3582141730511828,
      "34": 0.4014569638047138,
      "44": 0.5865217494949496,
      "94": 0.0,
      "55": 0.4126780735690236,
      "86": 0.0,
      "17": 0.24674961075268811,
      "71": 0.28715664964338444,
      "37": 0.4199752484848486,
      "47": 1.2407359032407406,
      "9": 0.27185603831837046,
      "73": 0.0,
      "82": 0.0,
      "12": 0.4014569638047138,
      "79": 0.0,
      "20": 0.23488738634920636,
      "6": 1.2332824171296293,
      "84": 0.0,
      "80": 0.0,
      "70": 0.365010677946128,
      "14": 1.5494393552756287,
      "7": 0.22341218887016223,
      "96": 0.0,
      "57": 0.27720264387297766,
      "8": 0.22341218887016223,
      "64": 0.34144620606060616,
      "19": 0.2322601665471923,
      "91": 0.0,
      "69": 0.365010677946128,
      "60": 1.2335636426143752,
      "4": 0.22127941902966772,
      "22": 0.3933125183501684,
      "11": 0.4014569638047138,
      "35": 0.4014569638047138,
      "13": 0.4014569638047138,
      "67": 0.297150284854092,
      "61": 1.2335636426143752,
      "15": 1.5494393552756287,
      "16": 0.23333282066905614,
      "40": 0.26734682613243493,
      "46": 0.5865217494949496,
      "21": 0.3933125183501684,
      "38": 0.21885746995221028,
      "72": 0.28715664964338444,
      "83": 0.0,
      "45": 0.5865217494949496,
      "68": 0.2724417035311512,
      "56": 0.4126780735690236,
      "36": 0.4199752484848486,
      "95": 0.0,
      "66": 0.23750912526881718,
      "76": 0.0,
      "85": 0.0,
      "48": 1.2407359032407406,
      "18": 0.27426400711881355,
      "30": 0.23735361611722833,
      "3": 0.22127941902966772
    }
  },
  "total_load_shed": {
    "32": 0.11,
    "29": -0.0,
    "1": 1.86,
    "12": 0.3464,
    "48": -0.0,
    "20": 2.16,
    "54": -0.0,
    "2": -0.0,
    "6": -0.0,
    "41": 0.15,
    "51": -0.0,
    "53": -0.0,
    "27": -0.0,
    "42": -0.0,
    "33": -0.0,
    "28": 0.2573,
    "50": -0.0,
    "52": -0.0,
    "14": -0.0,
    "7": -0.0,
    "57": -0.0,
    "8": -0.0,
    "26": 0.11,
    "10": -0.0,
    "19": -0.0,
    "60": -0.0,
    "24": 2.2176,
    "4": -0.0,
    "58": 0.11,
    "25": -0.0,
    "23": -0.0,
    "22": -0.0,
    "11": -0.0,
    "35": -0.0,
    "13": -0.0,
    "49": -0.0,
    "59": -0.0,
    "5": -0.0,
    "15": 0.11,
    "31": -0.0,
    "43": 1.2714,
    "16": -0.0,
    "39": -0.0,
    "40": -0.0,
    "21": -0.0,
    "38": -0.0,
    "46": -0.0,
    "34": 1.94,
    "44": -0.0,
    "45": -0.0,
    "56": -0.0,
    "55": -0.0,
    "36": 0.11,
    "17": 1.36,
    "37": -0.0,
    "47": 0.11,
    "9": 0.11,
    "18": 0.11,
    "30": 0.16,
    "3": 2.4305
  },
  "solve_time": 746.24
}
