{
  "num_scenarios": 5,
  "scenarios": {
    "4": [
      33,
      93,
      102,
      118
    ],
    "1": [
      92,
      120,
      94,
      91
    ],
    "5": [
      17,
      99,
      19,
      22
    ],
    "2": [
      88,
      102,
      97,
      118
    ],
    "3": [
      101,
      33,
      100,
      85
    ]
  },
  "base_generation": {
    "32": 0.0,
    "29": 0.0,
    "81": 0.0,
    "54": 0.0,
    "78": 0.0,
    "1": 0.0,
    "2": 0.0,
    "74": 0.0,
    "41": 0.0,
    "65": 0.0,
    "53": 0.0,
    "51": 0.0,
    "27": 0.0,
    "75": 0.0,
    "42": 0.0,
    "33": 0.0,
    "28": 0.0,
    "52": 0.0,
    "50": 0.0,
    "63": 0.0,
    "92": 0.0,
    "88": 0.0,
    "93": 0.0,
    "26": 0.0,
    "10": 0.0,
    "77": 0.0,
    "87": 0.0,
    "24": 0.0,
    "58": 0.0,
    "25": 0.0,
    "23": 0.0,
    "49": 0.0,
    "59": 0.0,
    "5": 0.0,
    "31": 0.0,
    "89": 0.0,
    "62": 0.0,
    "43": 0.0,
    "90": 0.0,
    "39": 0.0,
    "34": 0.0,
    "44": 0.0,
    "94": 0.0,
    "55": 0.0,
    "86": 0.0,
    "17": 0.0,
    "71": 0.0,
    "37": 0.0,
    "47": 0.0,
    "9": 0.0,
    "73": 0.0,
    "82": 0.0,
    "12": 0.0,
    "79": 0.0,
    "20": 0.0,
    "6": 0.0,
    "84": 0.0,
    "80": 0.0,
    "70": 0.0,
    "14": 0.0,
    "7": 0.0,
    "96": 0.0,
    "57": 0.0,
    "8": 0.0,
    "64": 0.0,
    "19": 0.0,
    "91": 0.0,
    "69": 0.0,
    "60": 0.0,
    "4": 0.0,
    "22": 0.0,
    "11": 0.0,
    "35": 0.0,
    "13": 0.0,
    "67": 0.0,
    "61": 0.0,
    "15": 0.0,
    "16": 0.0,
    "40": 0.0,
    "46": 0.0,
    "21": 0.0,
    "38": 0.0,
    "72": 0.0,
    "83": 0.0,
    "45": 0.0,
    "68": 0.0,
    "56": 0.0,
    "36": 0.0,
    "95": 0.0,
    "66": 0.0,
    "76": 0.0,
    "85": 0.0,
    "48": 0.0,
    "18": 0.0,
    "30": 0.0,
    "3": 0.0
  },
  "baseMVA": 100.0,
  "termination_status": "OPTIMAL",
  "total_base_shunt": 0.0,
  "load_shed": {
    "32": [
      1.6065,
      1.6065,
      1.6065,
      1.6065,
      1.6065
    ],
    "29": [
      0.987,
      0.987,
      0.987,
      0.987,
      0.987
    ],
    "1": [
      0.084,
      0.084,
      0.084,
      0.084,
      0.084
    ],
    "12": [
      0.609,
      0.609,
      0.609,
      0.609,
      0.609
    ],
    "20": [
      1.1445,
      1.1445,
      1.1445,
      1.1445,
      1.1445
    ],
    "25": [
      1.0185,
      1.0185,
      1.0185,
      1.0185,
      1.0185
    ],
    "41": [
      0.2625,
      0.2625,
      0.2625,
      0.2625,
      0.2625
    ],
    "11": [
      0.7455,
      0.7455,
      0.7455,
      0.7455,
      0.7455
    ],
    "35": [
      0.0,
      0.0,
      0.0279,
      0.0,
      0.0
    ],
    "49": [
      3.4965,
      2.184,
      2.6884,
      2.184,
      2.184
    ],
    "15": [
      2.3965,
      1.701,
      2.3799,
      1.701,
      1.701
    ],
    "42": [
      0.3675,
      0.3675,
      0.3675,
      0.3675,
      0.3675
    ],
    "28": [
      0.0,
      0.0,
      0.0607,
      0.0,
      0.0
    ],
    "16": [
      0.7665,
      0.7665,
      0.7665,
      0.7665,
      0.7665
    ],
    "46": [
      0.147,
      0.147,
      0.147,
      0.147,
      0.147
    ],
    "21": [
      0.0315,
      0.0315,
      0.2264,
      0.0315,
      0.0315
    ],
    "34": [
      0.567,
      0.567,
      0.6266,
      0.567,
      0.567
    ],
    "44": [
      0.21,
      0.21,
      0.8155,
      0.21,
      0.21
    ],
    "45": [
      1.764,
      1.764,
      1.764,
      1.764,
      1.764
    ],
    "26": [
      0.4935,
      0.4935,
      0.4935,
      0.4935,
      0.4935
    ],
    "10": [
      0.252,
      0.252,
      0.252,
      0.252,
      0.252
    ],
    "37": [
      0.462,
      0.462,
      0.5387,
      0.462,
      0.462
    ],
    "47": [
      1.428,
      1.428,
      1.428,
      1.428,
      1.428
    ],
    "9": [
      0.819,
      0.819,
      0.8496,
      0.819,
      0.819
    ],
    "30": [
      1.428,
      1.428,
      1.428,
      1.428,
      1.428
    ],
    "3": [
      0.8715,
      0.8715,
      0.8715,
      0.8715,
      0.8715
    ]
  },
  "total_ramping": {
    "up_ramping": {
      "4": 6.7884,
      "1": 4.5518,
      "5": 6.7136,
      "2": 6.7884,
      "3": 4.0701
    },
    "down_ramping": {
      "4": 0.0,
      "1": 0.0,
      "5": 0.0,
      "2": 0.0,
      "3": 0.0
    }
  },
  "generator_ramping": {
    "32": [
      0.047,
      0.0503,
      0.0,
      0.0503,
      0.047
    ],
    "29": [
      0.0144,
      0.0142,
      0.0142,
      0.0142,
      0.0144
    ],
    "81": [
      0.1,
      0.1,
      0.1,
      0.1,
      0.1
    ],
    "78": [
      0.3,
      0.3,
      0.3,
      0.3,
      0.3
    ],
    "1": [
      0.0,
      0.2,
      0.0,
      0.2,
      0.2
    ],
    "2": [
      0.0,
      0.2,
      0.0,
      0.2,
      0.2
    ],
    "74": [
      0.0008,
      0.0007,
      0.0007,
      0.0007,
      0.0008
    ],
    "41": [
      0.0113,
      0.0111,
      0.0111,
      0.0111,
      0.0113
    ],
    "65": [
      0.031,
      0.0325,
      0.0,
      0.0325,
      0.031
    ],
    "51": [
      0.0,
      0.1815,
      0.1891,
      0.0985,
      0.0
    ],
    "27": [
      0.0,
      0.2,
      0.0,
      0.2,
      0.2
    ],
    "75": [
      0.3,
      0.3,
      0.3,
      0.3,
      0.3
    ],
    "42": [
      0.0113,
      0.0111,
      0.0111,
      0.0111,
      0.0113
    ],
    "33": [
      0.0229,
      0.0235,
      0.0181,
      0.0235,
      0.0229
    ],
    "28": [
      0.0,
      0.2,
      0.0,
      0.2,
      0.2
    ],
    "52": [
      0.0,
      0.1815,
      0.1891,
      0.0985,
      0.0
    ],
    "63": [
      0.031,
      0.0325,
      0.0,
      0.0325,
      0.031
    ],
    "88": [
      0.0,
      0.0,
      0.0001,
      0.0001,
      0.0
    ],
    "93": [
      0.2,
      0.2,
      0.2,
      0.2,
      0.2
    ],
    "26": [
      0.0169,
      0.0168,
      0.0158,
      0.0168,
      0.0169
    ],
    "10": [
      0.0407,
      0.0433,
      0.0,
      0.0433,
      0.0407
    ],
    "77": [
      0.3,
      0.3,
      0.3,
      0.3,
      0.3
    ],
    "87": [
      0.0,
      0.0,
      0.0001,
      0.0001,
      0.0
    ],
    "24": [
      0.0,
      0.2,
      0.0,
      0.2,
      0.2
    ],
    "58": [
      0.0,
      0.0,
      0.0,
      0.0072,
      0.1124
    ],
    "25": [
      0.0,
      0.2,
      0.0,
      0.2,
      0.2
    ],
    "23": [
      0.0394,
      0.0418,
      0.0,
      0.0418,
      0.0394
    ],
    "59": [
      0.0,
      0.0,
      0.0,
      0.0072,
      0.1124
    ],
    "5": [
      0.0,
      0.1382,
      0.0,
      0.2,
      0.2
    ],
    "31": [
      0.047,
      0.0503,
      0.0,
      0.0503,
      0.047
    ],
    "89": [
      0.0,
      0.0,
      0.0001,
      0.0001,
      0.0
    ],
    "62": [
      0.0,
      0.0,
      0.0,
      0.0072,
      0.1124
    ],
    "43": [
      0.013,
      0.0128,
      0.0128,
      0.0128,
      0.013
    ],
    "90": [
      0.0,
      0.0,
      0.0001,
      0.0001,
      0.0
    ],
    "39": [
      0.0337,
      0.0355,
      0.0,
      0.0355,
      0.0337
    ],
    "34": [
      0.0407,
      0.0433,
      0.0,
      0.0433,
      0.0407
    ],
    "44": [
      0.1418,
      0.1477,
      0.0,
      0.1477,
      0.1418
    ],
    "94": [
      0.2,
      0.2,
      0.2,
      0.2,
      0.2
    ],
    "86": [
      0.0,
      0.0,
      0.0001,
      0.0001,
      0.0
    ],
    "17": [
      0.0156,
      0.0154,
      0.0153,
      0.0154,
      0.0156
    ],
    "71": [
      0.0222,
      0.0227,
      0.0178,
      0.0227,
      0.0222
    ],
    "37": [
      0.0437,
      0.0467,
      0.0,
      0.0467,
      0.0437
    ],
    "47": [
      0.0,
      0.1671,
      0.1703,
      0.1702,
      0.0
    ],
    "9": [
      0.0197,
      0.02,
      0.0169,
      0.02,
      0.0197
    ],
    "12": [
      0.0407,
      0.0433,
      0.0,
      0.0433,
      0.0407
    ],
    "79": [
      0.3,
      0.3,
      0.3,
      0.3,
      0.3
    ],
    "20": [
      0.0141,
      0.0139,
      0.0139,
      0.0139,
      0.0141
    ],
    "6": [
      0.0,
      0.1382,
      0.0,
      0.2,
      0.2
    ],
    "84": [
      0.1,
      0.1,
      0.1,
      0.1,
      0.1
    ],
    "80": [
      0.3,
      0.3,
      0.3,
      0.3,
      0.3
    ],
    "70": [
      0.0348,
      0.0367,
      0.0,
      0.0367,
      0.0348
    ],
    "7": [
      0.0126,
      0.0124,
      0.0124,
      0.0124,
      0.0126
    ],
    "96": [
      0.2,
      0.2,
      0.2,
      0.2,
      0.2
    ],
    "8": [
      0.0126,
      0.0124,
      0.0124,
      0.0124,
      0.0126
    ],
    "64": [
      0.031,
      0.0325,
      0.0,
      0.0325,
      0.031
    ],
    "19": [
      0.0138,
      0.0135,
      0.0135,
      0.0135,
      0.0138
    ],
    "91": [
      0.0,
      0.0,
      0.0001,
      0.0001,
      0.0
    ],
    "69": [
      0.0348,
      0.0367,
      0.0,
      0.0367,
      0.0348
    ],
    "60": [
      0.0,
      0.0,
      0.0,
      0.0072,
      0.1124
    ],
    "4": [
      0.0124,
      0.0122,
      0.0122,
      0.0122,
      0.0124
    ],
    "22": [
      0.0394,
      0.0418,
      0.0,
      0.0418,
      0.0394
    ],
    "11": [
      0.0407,
      0.0433,
      0.0,
      0.0433,
      0.0407
    ],
    "35": [
      0.0407,
      0.0433,
      0.0,
      0.0433,
      0.0407
    ],
    "13": [
      0.0407,
      0.0433,
      0.0,
      0.0433,
      0.0407
    ],
    "67": [
      0.0238,
      0.0245,
      0.0184,
      0.0245,
      0.0238
    ],
    "61": [
      0.0,
      0.0,
      0.0,
      0.0072,
      0.1124
    ],
    "16": [
      0.0139,
      0.0137,
      0.0137,
      0.0137,
      0.0139
    ],
    "40": [
      0.019,
      0.0191,
      0.0166,
      0.0191,
      0.019
    ],
    "46": [
      0.1418,
      0.1477,
      0.0,
      0.1477,
      0.1418
    ],
    "21": [
      0.0394,
      0.0418,
      0.0,
      0.0418,
      0.0394
    ],
    "38": [
      0.0121,
      0.0118,
      0.0118,
      0.0118,
      0.0121
    ],
    "72": [
      0.0222,
      0.0227,
      0.0178,
      0.0227,
      0.0222
    ],
    "83": [
      0.1,
      0.1,
      0.1,
      0.1,
      0.1
    ],
    "45": [
      0.1418,
      0.1477,
      0.0,
      0.1477,
      0.1418
    ],
    "68": [
      0.0198,
      0.0201,
      0.0169,
      0.0201,
      0.0198
    ],
    "36": [
      0.0437,
      0.0467,
      0.0,
      0.0467,
      0.0437
    ],
    "95": [
      0.2,
      0.2,
      0.2,
      0.2,
      0.2
    ],
    "66": [
      0.0144,
      0.0142,
      0.0142,
      0.0142,
      0.0144
    ],
    "76": [
      0.3,
      0.3,
      0.3,
      0.3,
      0.3
    ],
    "85": [
      0.1,
      0.1,
      0.1,
      0.1,
      0.1
    ],
    "48": [
      0.0,
      0.1671,
      0.1703,
      0.1702,
      0.0
    ],
    "18": [
      0.0201,
      0.0204,
      0.017,
      0.0204,
      0.0201
    ],
    "30": [
      0.0144,
      0.0142,
      0.0142,
      0.0142,
      0.0144
    ],
    "3": [
      0.0124,
      0.0122,
      0.0122,
      0.0122,
      0.0124
    ]
  },
  "turned_off_branches": {
    "4": [
      95
    ],
    "1": [
      68,
      19,
      21
    ],
    "5": [
      23,
      68,
      118,
      50
    ],
    "2": [
      117,
      95,
      103,
      83,
      80
    ],
    "3": [
      117,
      95,
      94,
      99
    ]
  },
  "total_base_load": 89.775,
  "total_base_generation": 0.0,
  "num_iterations": 8,
  "objective_value": 3800.2767,
  "costs": {
    "generation": {
      "32": 43.99613183501683,
      "29": 23.735361611722833,
      "81": 0.0,
      "54": 48.51372934343434,
      "78": 0.0,
      "1": 118.38716995370369,
      "2": 118.38716995370369,
      "74": 8.1035,
      "41": 21.302951266427716,
      "65": 34.14462060606061,
      "53": 48.51372934343434,
      "51": 124.07359032407406,
      "27": 114.96343504629631,
      "75": 0.0,
      "42": 21.302951266427716,
      "33": 29.168291615738358,
      "28": 114.96343504629631,
      "52": 124.07359032407406,
      "50": 41.64213222222222,
      "63": 34.14462060606061,
      "92": 0.0,
      "88": 0.0,
      "93": 0.0,
      "26": 25.435791209655658,
      "10": 40.14569638047138,
      "77": 0.0,
      "87": 0.0,
      "24": 117.64910430555555,
      "58": 123.35636426143752,
      "25": 117.64910430555555,
      "23": 39.331251835016836,
      "49": 41.64213222222222,
      "59": 123.35636426143752,
      "5": 123.32824171296294,
      "31": 43.99613183501683,
      "89": 0.0,
      "62": 123.35636426143752,
      "43": 22.624312447089945,
      "90": 0.0,
      "39": 35.82141730511828,
      "34": 40.14569638047138,
      "44": 58.652174949494956,
      "94": 0.0,
      "55": 41.26780735690236,
      "86": 0.0,
      "17": 24.67496107526881,
      "71": 28.715664964338444,
      "37": 41.99752484848486,
      "47": 124.07359032407406,
      "9": 27.185603831837046,
      "73": 0.0,
      "82": 0.0,
      "12": 40.14569638047138,
      "79": 0.0,
      "20": 23.488738634920637,
      "6": 123.32824171296294,
      "84": 0.0,
      "80": 0.0,
      "70": 36.5010677946128,
      "14": 154.94393552756287,
      "7": 22.341218887016222,
      "96": 0.0,
      "57": 27.720264387297767,
      "8": 22.341218887016222,
      "64": 34.14462060606061,
      "19": 23.22601665471923,
      "91": 0.0,
      "69": 36.5010677946128,
      "60": 123.35636426143752,
      "4": 22.12794190296677,
      "22": 39.331251835016836,
      "11": 40.14569638047138,
      "35": 40.14569638047138,
      "13": 40.14569638047138,
      "67": 29.7150284854092,
      "61": 123.35636426143752,
      "15": 154.94393552756287,
      "16": 23.333282066905614,
      "40": 26.734682613243493,
      "46": 58.652174949494956,
      "21": 39.331251835016836,
      "38": 21.885746995221027,
      "72": 28.715664964338444,
      "83": 0.0,
      "45": 58.652174949494956,
      "68": 27.24417035311512,
      "56": 41.26780735690236,
      "36": 41.99752484848486,
      "95": 0.0,
      "66": 23.750912526881717,
      "76": 0.0,
      "85": 0.0,
      "48": 124.07359032407406,
      "18": 27.426400711881353,
      "30": 23.735361611722833,
      "3": 22.12794190296677
    },
    "up_ramping": {
      "32": 44.436093153367004,
      "29": 23.972715227840062,
      "81": 0.0,
      "54": 48.998866636868684,
      "78": 0.0,
      "1": 119.57104165324073,
      "2": 119.57104165324073,
      "74": 8.184535,
      "41": 21.515980779091993,
      "65": 34.486066812121216,
      "53": 48.998866636868684,
      "51": 125.31432622731481,
      "27": 116.11306939675927,
      "75": 0.0,
      "42": 21.515980779091993,
      "33": 29.459974531895742,
      "28": 116.11306939675927,
      "52": 125.31432622731481,
      "50": 42.05855354444444,
      "63": 34.486066812121216,
      "92": 0.0,
      "88": 0.0,
      "93": 0.0,
      "26": 25.690149121752214,
      "10": 40.54715334427609,
      "77": 0.0,
      "87": 0.0,
      "24": 118.8255953486111,
      "58": 124.58992790405189,
      "25": 118.8255953486111,
      "23": 39.72456435336701,
      "49": 42.05855354444444,
      "59": 124.58992790405189,
      "5": 124.56152413009256,
      "31": 44.436093153367004,
      "89": 0.0,
      "62": 124.58992790405189,
      "43": 22.850555571560843,
      "90": 0.0,
      "39": 36.17963147816946,
      "34": 40.54715334427609,
      "44": 59.238696698989905,
      "94": 0.0,
      "55": 41.680485430471386,
      "86": 0.0,
      "17": 24.9217106860215,
      "71": 29.00282161398183,
      "37": 42.417500096969704,
      "47": 125.31432622731481,
      "9": 27.457459870155418,
      "73": 0.0,
      "82": 0.0,
      "12": 40.54715334427609,
      "79": 0.0,
      "20": 23.723626021269844,
      "6": 124.56152413009256,
      "84": 0.0,
      "80": 0.0,
      "70": 36.86607847255893,
      "14": 156.4933748828385,
      "7": 22.564631075886386,
      "96": 0.0,
      "57": 27.997467031170746,
      "8": 22.564631075886386,
      "64": 34.486066812121216,
      "19": 23.458276821266423,
      "91": 0.0,
      "69": 36.86607847255893,
      "60": 124.58992790405189,
      "4": 22.34922132199644,
      "22": 39.72456435336701,
      "11": 40.54715334427609,
      "35": 40.54715334427609,
      "13": 40.54715334427609,
      "67": 30.01217877026329,
      "61": 124.58992790405189,
      "15": 156.4933748828385,
      "16": 23.56661488757467,
      "40": 27.002029439375928,
      "46": 59.238696698989905,
      "21": 39.72456435336701,
      "38": 22.104604465173235,
      "72": 29.00282161398183,
      "83": 0.0,
      "45": 59.238696698989905,
      "68": 27.51661205664627,
      "56": 41.680485430471386,
      "36": 42.417500096969704,
      "95": 0.0,
      "66": 23.988421652150535,
      "76": 0.0,
      "85": 0.0,
      "48": 125.31432622731481,
      "18": 27.700664719000166,
      "30": 23.972715227840062,
      "3": 22.34922132199644
    },
    "load_shedding_cost": {
      "32": 1549.4393552756287,
      "29": 1549.4393552756287,
      "1": 1549.4393552756287,
      "12": 1549.4393552756287,
      "48": 1549.4393552756287,
      "20": 1549.4393552756287,
      "2": 1549.4393552756287,
      "6": 1549.4393552756287,
      "41": 1549.4393552756287,
      "51": 1549.4393552756287,
      "27": 1549.4393552756287,
      "42": 1549.4393552756287,
      "33": 1549.4393552756287,
      "28": 1549.4393552756287,
      "50": 1549.4393552756287,
      "14": 1549.4393552756287,
      "7": 1549.4393552756287,
      "8": 1549.4393552756287,
      "26": 1549.4393552756287,
      "10": 1549.4393552756287,
      "19": 1549.4393552756287,
      "24": 1549.4393552756287,
      "4": 1549.4393552756287,
      "25": 1549.4393552756287,
      "23": 1549.4393552756287,
      "22": 1549.4393552756287,
      "11": 1549.4393552756287,
      "35": 1549.4393552756287,
      "13": 1549.4393552756287,
      "49": 1549.4393552756287,
      "5": 1549.4393552756287,
      "31": 1549.4393552756287,
      "15": 1549.4393552756287,
      "43": 1549.4393552756287,
      "16": 1549.4393552756287,
      "39": 1549.4393552756287,
      "40": 1549.4393552756287,
      "46": 1549.4393552756287,
      "21": 1549.4393552756287,
      "38": 1549.4393552756287,
      "34": 1549.4393552756287,
      "44": 1549.4393552756287,
      "45": 1549.4393552756287,
      "36": 1549.4393552756287,
      "17": 1549.4393552756287,
      "37": 1549.4393552756287,
      "47": 1549.4393552756287,
      "18": 1549.4393552756287,
      "9": 1549.4393552756287,
      "30": 1549.4393552756287,
      "3": 1549.4393552756287
    },
    "down_ramping": {
      "32": 0.43996131835016833,
      "29": 0.23735361611722833,
      "81": 0.0,
      "54": 0.4851372934343434,
      "78": 0.0,
      "1": 1.1838716995370369,
      "2": 1.1838716995370369,
      "74": 0.08103500000000001,
      "41": 0.21302951266427717,
      "65": 0.34144620606060616,
      "53": 0.4851372934343434,
      "51": 1.2407359032407406,
      "27": 1.1496343504629631,
      "75": 0.0,
      "42": 0.21302951266427717,
      "33": 0.29168291615738356,
      "28": 1.1496343504629631,
      "52": 1.2407359032407406,
      "50": 0.4164213222222222,
      "63": 0.34144620606060616,
      "92": 0.0,
      "88": 0.0,
      "93": 0.0,
      "26": 0.25435791209655656,
      "10": 0.4014569638047138,
      "77": 0.0,
      "87": 0.0,
      "24": 1.1764910430555555,
      "58": 1.2335636426143752,
      "25": 1.1764910430555555,
      "23": 0.3933125183501684,
      "49": 0.4164213222222222,
      "59": 1.2335636426143752,
      "5": 1.2332824171296293,
      "31": 0.43996131835016833,
      "89": 0.0,
      "62": 1.2335636426143752,
      "43": 0.22624312447089945,
      "90": 0.0,
      "39": 0.3582141730511828,
      "34": 0.4014569638047138,
      "44": 0.5865217494949496,
      "94": 0.0,
      "55": 0.4126780735690236,
      "86": 0.0,
      "17": 0.24674961075268811,
      "71": 0.28715664964338444,
      "37": 0.4199752484848486,
      "47": 1.2407359032407406,
      "9": 0.27185603831837046,
      "73": 0.0,
      "82": 0.0,
      "12": 0.4014569638047138,
      "79": 0.0,
      "20": 0.23488738634920636,
      "6": 1.2332824171296293,
      "84": 0.0,
      "80": 0.0,
      "70": 0.365010677946128,
      "14": 1.5494393552756287,
      "7": 0.22341218887016223,
      "96": 0.0,
      "57": 0.27720264387297766,
      "8": 0.22341218887016223,
      "64": 0.34144620606060616,
      "19": 0.2322601665471923,
      "91": 0.0,
      "69": 0.365010677946128,
      "60": 1.2335636426143752,
      "4": 0.22127941902966772,
      "22": 0.3933125183501684,
      "11": 0.4014569638047138,
      "35": 0.4014569638047138,
      "13": 0.4014569638047138,
      "67": 0.297150284854092,
      "61": 1.2335636426143752,
      "15": 1.5494393552756287,
      "16": 0.23333282066905614,
      "40": 0.26734682613243493,
      "46": 0.5865217494949496,
      "21": 0.3933125183501684,
      "38": 0.21885746995221028,
      "72": 0.28715664964338444,
      "83": 0.0,
      "45": 0.5865217494949496,
      "68": 0.2724417035311512,
      "56": 0.4126780735690236,
      "36": 0.4199752484848486,
      "95": 0.0,
      "66": 0.23750912526881718,
      "76": 0.0,
      "85": 0.0,
      "48": 1.2407359032407406,
      "18": 0.27426400711881355,
      "30": 0.23735361611722833,
      "3": 0.22127941902966772
    }
  },
  "total_load_shed": {
    "4": 0.0,
    "1": 2.008,
    "5": 0.0,
    "2": 0.0,
    "3": 2.5155
  },
  "solve_time": 9.89
}
